id,pageType,category,urlSlug,targetKeyword,seoTitle,metaDescription,pageIntent,pageOutline
1,Location,Metro/Tier 1,/admission-crm-delhi,admission crm in delhi,Admission Crm In Delhi | OnCampus,"OnCampus helps coaching institutes in Delhi with admission crm in Delhi. Manage enquiries, admissions, students and fees. Book a demo today.",Commercial - Coaching institutes in Delhi evaluating local software solutions.,"H1: Admission Crm In Delhi || H2: Why coaching institutes in Delhi need a dedicated CRM || H3: Common admission and follow-up bottlenecks || H3: Impact of fragmented tools on conversions || H2: How OnCampus helps manage leads, students, and fees || H3: Enquiry capture and pipeline automation || H3: Student records, batches, and installment tracking || H2: FAQs for coaching institutes || H2: Book a demo"
2,Location,Metro/Tier 1,/coaching-institute-crm-mumbai,coaching institute crm in mumbai,Coaching Institute Crm In Mumbai | OnCampus,"OnCampus helps coaching institutes in Mumbai with coaching institute crm in Mumbai. Manage enquiries, admissions, students and fees. Book a demo today.",Commercial - Coaching institutes in Mumbai evaluating local software solutions.,"H1: Coaching Institute Crm In Mumbai || H2: Why coaching institutes in Mumbai need a dedicated CRM || H3: Common admission and follow-up bottlenecks || H3: Impact of fragmented tools on conversions || H2: How OnCampus helps manage leads, students, and fees || H3: Enquiry capture and pipeline automation || H3: Student records, batches, and installment tracking || H2: FAQs for coaching institutes || H2: Book a demo"
3,Location,Metro/Tier 1,/student-management-software-kolkata,student management software in kolkata,Student Management Software In Kolkata | OnCampus,"OnCampus helps coaching institutes in Kolkata with student management software in Kolkata. Manage enquiries, admissions, students and fees. Book a demo today.",Commercial - Coaching institutes in Kolkata evaluating local software solutions.,"H1: Student Management Software In Kolkata || H2: Why coaching institutes in Kolkata need a dedicated CRM || H3: Common admission and follow-up bottlenecks || H3: Impact of fragmented tools on conversions || H2: How OnCampus helps manage leads, students, and fees || H3: Enquiry capture and pipeline automation || H3: Student records, batches, and installment tracking || H2: FAQs for coaching institutes || H2: Book a demo"
4,Location,Metro/Tier 1,/student-admission-software-bangalore,student admission software in bangalore,Student Admission Software In Bangalore | OnCampus,"OnCampus helps coaching institutes in Bangalore with student admission software in Bangalore. Manage enquiries, admissions, students and fees. Book a demo to...",Commercial - Coaching institutes in Bangalore evaluating local software solutions.,"H1: Student Admission Software In Bangalore || H2: Why coaching institutes in Bangalore need a dedicated CRM || H3: Common admission and follow-up bottlenecks || H3: Impact of fragmented tools on conversions || H2: How OnCampus helps manage leads, students, and fees || H3: Enquiry capture and pipeline automation || H3: Student records, batches, and installment tracking || H2: FAQs for coaching institutes || H2: Book a demo"
5,Location,Metro/Tier 1,/admission-management-software-chennai,admission management software in chennai,Admission Management Software In Chennai | OnCampus,"OnCampus helps coaching institutes in Chennai with admission management software in Chennai. Manage enquiries, admissions, students and fees. Book a demo today.",Commercial - Coaching institutes in Chennai evaluating local software solutions.,"H1: Admission Management Software In Chennai || H2: Why coaching institutes in Chennai need a dedicated CRM || H3: Common admission and follow-up bottlenecks || H3: Impact of fragmented tools on conversions || H2: How OnCampus helps manage leads, students, and fees || H3: Enquiry capture and pipeline automation || H3: Student records, batches, and installment tracking || H2: FAQs for coaching institutes || H2: Book a demo"
6,Location,Metro/Tier 1,/student-enquiry-management-hyderabad,student enquiry management in hyderabad,Student Enquiry Management In Hyderabad | OnCampus,"OnCampus helps coaching institutes in Hyderabad with student enquiry management in Hyderabad. Manage enquiries, admissions, students and fees. Book a demo to...",Commercial - Coaching institutes in Hyderabad evaluating local software solutions.,"H1: Student Enquiry Management In Hyderabad || H2: Why coaching institutes in Hyderabad need a dedicated CRM || H3: Common admission and follow-up bottlenecks || H3: Impact of fragmented tools on conversions || H2: How OnCampus helps manage leads, students, and fees || H3: Enquiry capture and pipeline automation || H3: Student records, batches, and installment tracking || H2: FAQs for coaching institutes || H2: Book a demo"
7,Location,Metro/Tier 1,/lead-management-for-coaching-institutes-pune,lead management for coaching institutes in pune,Lead Management For Coaching Institutes In Pune | OnCampus,"OnCampus helps coaching institutes in Pune with lead management for coaching institutes in Pune. Manage enquiries, admissions, students and fees. Book a demo...",Commercial - Coaching institutes in Pune evaluating local software solutions.,"H1: Lead Management For Coaching Institutes In Pune || H2: Why coaching institutes in Pune need a dedicated CRM || H3: Common admission and follow-up bottlenecks || H3: Impact of fragmented tools on conversions || H2: How OnCampus helps manage leads, students, and fees || H3: Enquiry capture and pipeline automation || H3: Student records, batches, and installment tracking || H2: FAQs for coaching institutes || H2: Book a demo"
8,Location,Metro/Tier 1,/fee-management-software-ahmedabad,fee management software in ahmedabad,Fee Management Software In Ahmedabad | OnCampus,"OnCampus helps coaching institutes in Ahmedabad with fee management software in Ahmedabad. Manage enquiries, admissions, students and fees. Book a demo today.",Commercial - Coaching institutes in Ahmedabad evaluating local software solutions.,"H1: Fee Management Software In Ahmedabad || H2: Why coaching institutes in Ahmedabad need a dedicated CRM || H3: Common admission and follow-up bottlenecks || H3: Impact of fragmented tools on conversions || H2: How OnCampus helps manage leads, students, and fees || H3: Enquiry capture and pipeline automation || H3: Student records, batches, and installment tracking || H2: FAQs for coaching institutes || H2: Book a demo"
9,Location,Tier 2 / Education Hub,/coaching-institute-management-system-surat,coaching institute management system in surat,Coaching Institute Management System In Surat | OnCampus,"OnCampus helps coaching institutes in Surat with coaching institute management system in Surat. Manage enquiries, admissions, students and fees. Book a demo...",Commercial - Coaching institutes in Surat evaluating local software solutions.,"H1: Coaching Institute Management System In Surat || H2: Why coaching institutes in Surat need a dedicated CRM || H3: Common admission and follow-up bottlenecks || H3: Impact of fragmented tools on conversions || H2: How OnCampus helps manage leads, students, and fees || H3: Enquiry capture and pipeline automation || H3: Student records, batches, and installment tracking || H2: FAQs for coaching institutes || H2: Book a demo"
10,Location,Tier 2 / Education Hub,/student-portal-software-lucknow,student portal software in lucknow,Student Portal Software In Lucknow | OnCampus,"OnCampus helps coaching institutes in Lucknow with student portal software in Lucknow. Manage enquiries, admissions, students and fees. Book a demo today.",Commercial - Coaching institutes in Lucknow evaluating local software solutions.,"H1: Student Portal Software In Lucknow || H2: Why coaching institutes in Lucknow need a dedicated CRM || H3: Common admission and follow-up bottlenecks || H3: Impact of fragmented tools on conversions || H2: How OnCampus helps manage leads, students, and fees || H3: Enquiry capture and pipeline automation || H3: Student records, batches, and installment tracking || H2: FAQs for coaching institutes || H2: Book a demo"
11,Location,Tier 2 / Education Hub,/best-coaching-software-jaipur,best coaching software in jaipur,Best Coaching Software In Jaipur | OnCampus,"OnCampus helps coaching institutes in Jaipur with best coaching software in Jaipur. Manage enquiries, admissions, students and fees. Book a demo today.",Commercial - Coaching institutes in Jaipur evaluating local software solutions.,"H1: Best Coaching Software In Jaipur || H2: Why coaching institutes in Jaipur need a dedicated CRM || H3: Common admission and follow-up bottlenecks || H3: Impact of fragmented tools on conversions || H2: How OnCampus helps manage leads, students, and fees || H3: Enquiry capture and pipeline automation || H3: Student records, batches, and installment tracking || H2: FAQs for coaching institutes || H2: Book a demo"
12,Location,Tier 2 / Education Hub,/coaching-management-app-kanpur,coaching management app in kanpur,Coaching Management App In Kanpur | OnCampus,"OnCampus helps coaching institutes in Kanpur with coaching management app in Kanpur. Manage enquiries, admissions, students and fees. Book a demo today.",Commercial - Coaching institutes in Kanpur evaluating local software solutions.,"H1: Coaching Management App In Kanpur || H2: Why coaching institutes in Kanpur need a dedicated CRM || H3: Common admission and follow-up bottlenecks || H3: Impact of fragmented tools on conversions || H2: How OnCampus helps manage leads, students, and fees || H3: Enquiry capture and pipeline automation || H3: Student records, batches, and installment tracking || H2: FAQs for coaching institutes || H2: Book a demo"
13,Location,District HQ / Major Town,/institute-erp-software-mirzapur,institute erp software in mirzapur,Institute Erp Software In Mirzapur | OnCampus,"OnCampus helps coaching institutes in Mirzapur with institute erp software in Mirzapur. Manage enquiries, admissions, students and fees. Book a demo today.",Commercial - Coaching institutes in Mirzapur evaluating local software solutions.,"H1: Institute Erp Software In Mirzapur || H2: Why coaching institutes in Mirzapur need a dedicated CRM || H3: Common admission and follow-up bottlenecks || H3: Impact of fragmented tools on conversions || H2: How OnCampus helps manage leads, students, and fees || H3: Enquiry capture and pipeline automation || H3: Student records, batches, and installment tracking || H2: FAQs for coaching institutes || H2: Book a demo"
14,Location,Tier 2 / Education Hub,/admission-crm-nagpur,admission crm in nagpur,Admission Crm In Nagpur | OnCampus,"OnCampus helps coaching institutes in Nagpur with admission crm in Nagpur. Manage enquiries, admissions, students and fees. Book a demo today.",Commercial - Coaching institutes in Nagpur evaluating local software solutions.,"H1: Admission Crm In Nagpur || H2: Why coaching institutes in Nagpur need a dedicated CRM || H3: Common admission and follow-up bottlenecks || H3: Impact of fragmented tools on conversions || H2: How OnCampus helps manage leads, students, and fees || H3: Enquiry capture and pipeline automation || H3: Student records, batches, and installment tracking || H2: FAQs for coaching institutes || H2: Book a demo"
15,Location,District HQ / Major Town,/coaching-institute-crm-ghaziabad,coaching institute crm in ghaziabad,Coaching Institute Crm In Ghaziabad | OnCampus,"OnCampus helps coaching institutes in Ghaziabad with coaching institute crm in Ghaziabad. Manage enquiries, admissions, students and fees. Book a demo today.",Commercial - Coaching institutes in Ghaziabad evaluating local software solutions.,"H1: Coaching Institute Crm In Ghaziabad || H2: Why coaching institutes in Ghaziabad need a dedicated CRM || H3: Common admission and follow-up bottlenecks || H3: Impact of fragmented tools on conversions || H2: How OnCampus helps manage leads, students, and fees || H3: Enquiry capture and pipeline automation || H3: Student records, batches, and installment tracking || H2: FAQs for coaching institutes || H2: Book a demo"
16,Location,District HQ / Major Town,/student-management-software-supaul,student management software in supaul,Student Management Software In Supaul | OnCampus,"OnCampus helps coaching institutes in Supaul with student management software in Supaul. Manage enquiries, admissions, students and fees. Book a demo today.",Commercial - Coaching institutes in Supaul evaluating local software solutions.,"H1: Student Management Software In Supaul || H2: Why coaching institutes in Supaul need a dedicated CRM || H3: Common admission and follow-up bottlenecks || H3: Impact of fragmented tools on conversions || H2: How OnCampus helps manage leads, students, and fees || H3: Enquiry capture and pipeline automation || H3: Student records, batches, and installment tracking || H2: FAQs for coaching institutes || H2: Book a demo"
17,Location,Tier 2 / Education Hub,/student-admission-software-vadodara,student admission software in vadodara,Student Admission Software In Vadodara | OnCampus,"OnCampus helps coaching institutes in Vadodara with student admission software in Vadodara. Manage enquiries, admissions, students and fees. Book a demo today.",Commercial - Coaching institutes in Vadodara evaluating local software solutions.,"H1: Student Admission Software In Vadodara || H2: Why coaching institutes in Vadodara need a dedicated CRM || H3: Common admission and follow-up bottlenecks || H3: Impact of fragmented tools on conversions || H2: How OnCampus helps manage leads, students, and fees || H3: Enquiry capture and pipeline automation || H3: Student records, batches, and installment tracking || H2: FAQs for coaching institutes || H2: Book a demo"
18,Location,Tier 2 / Education Hub,/admission-management-software-rajkot,admission management software in rajkot,Admission Management Software In Rajkot | OnCampus,"OnCampus helps coaching institutes in Rajkot with admission management software in Rajkot. Manage enquiries, admissions, students and fees. Book a demo today.",Commercial - Coaching institutes in Rajkot evaluating local software solutions.,"H1: Admission Management Software In Rajkot || H2: Why coaching institutes in Rajkot need a dedicated CRM || H3: Common admission and follow-up bottlenecks || H3: Impact of fragmented tools on conversions || H2: How OnCampus helps manage leads, students, and fees || H3: Enquiry capture and pipeline automation || H3: Student records, batches, and installment tracking || H2: FAQs for coaching institutes || H2: Book a demo"
19,Location,District HQ / Major Town,/student-enquiry-management-vishakhapatnam,student enquiry management in vishakhapatnam,Student Enquiry Management In Vishakhapatnam | OnCampus,"OnCampus helps coaching institutes in Vishakhapatnam with student enquiry management in Vishakhapatnam. Manage enquiries, admissions, students and fees. Book...",Commercial - Coaching institutes in Vishakhapatnam evaluating local software solutions.,"H1: Student Enquiry Management In Vishakhapatnam || H2: Why coaching institutes in Vishakhapatnam need a dedicated CRM || H3: Common admission and follow-up bottlenecks || H3: Impact of fragmented tools on conversions || H2: How OnCampus helps manage leads, students, and fees || H3: Enquiry capture and pipeline automation || H3: Student records, batches, and installment tracking || H2: FAQs for coaching institutes || H2: Book a demo"
20,Location,Tier 2 / Education Hub,/lead-management-for-coaching-institutes-indore,lead management for coaching institutes in indore,Lead Management For Coaching Institutes In Indore | OnCampus,"OnCampus helps coaching institutes in Indore with lead management for coaching institutes in Indore. Manage enquiries, admissions, students and fees. Book a...",Commercial - Coaching institutes in Indore evaluating local software solutions.,"H1: Lead Management For Coaching Institutes In Indore || H2: Why coaching institutes in Indore need a dedicated CRM || H3: Common admission and follow-up bottlenecks || H3: Impact of fragmented tools on conversions || H2: How OnCampus helps manage leads, students, and fees || H3: Enquiry capture and pipeline automation || H3: Student records, batches, and installment tracking || H2: FAQs for coaching institutes || H2: Book a demo"
21,Location,District HQ / Major Town,/fee-management-software-thane,fee management software in thane,Fee Management Software In Thane | OnCampus,"OnCampus helps coaching institutes in Thane with fee management software in Thane. Manage enquiries, admissions, students and fees. Book a demo today.",Commercial - Coaching institutes in Thane evaluating local software solutions.,"H1: Fee Management Software In Thane || H2: Why coaching institutes in Thane need a dedicated CRM || H3: Common admission and follow-up bottlenecks || H3: Impact of fragmented tools on conversions || H2: How OnCampus helps manage leads, students, and fees || H3: Enquiry capture and pipeline automation || H3: Student records, batches, and installment tracking || H2: FAQs for coaching institutes || H2: Book a demo"
22,Location,Tier 2 / Education Hub,/coaching-institute-management-system-bhopal,coaching institute management system in bhopal,Coaching Institute Management System In Bhopal | OnCampus,"OnCampus helps coaching institutes in Bhopal with coaching institute management system in Bhopal. Manage enquiries, admissions, students and fees. Book a dem...",Commercial - Coaching institutes in Bhopal evaluating local software solutions.,"H1: Coaching Institute Management System In Bhopal || H2: Why coaching institutes in Bhopal need a dedicated CRM || H3: Common admission and follow-up bottlenecks || H3: Impact of fragmented tools on conversions || H2: How OnCampus helps manage leads, students, and fees || H3: Enquiry capture and pipeline automation || H3: Student records, batches, and installment tracking || H2: FAQs for coaching institutes || H2: Book a demo"
23,Location,District HQ / Major Town,/student-portal-software-pimpri-chinchwad,student portal software in pimpri-chinchwad,Student Portal Software In Pimpri-chinchwad | OnCampus,"OnCampus helps coaching institutes in Pimpri-chinchwad with student portal software in Pimpri-chinchwad. Manage enquiries, admissions, students and fees. Boo...",Commercial - Coaching institutes in Pimpri-chinchwad evaluating local software solutions.,"H1: Student Portal Software In Pimpri-chinchwad || H2: Why coaching institutes in Pimpri-chinchwad need a dedicated CRM || H3: Common admission and follow-up bottlenecks || H3: Impact of fragmented tools on conversions || H2: How OnCampus helps manage leads, students, and fees || H3: Enquiry capture and pipeline automation || H3: Student records, batches, and installment tracking || H2: FAQs for coaching institutes || H2: Book a demo"
24,Location,Tier 2 / Education Hub,/best-coaching-software-patna,best coaching software in patna,Best Coaching Software In Patna | OnCampus,"OnCampus helps coaching institutes in Patna with best coaching software in Patna. Manage enquiries, admissions, students and fees. Book a demo today.",Commercial - Coaching institutes in Patna evaluating local software solutions.,"H1: Best Coaching Software In Patna || H2: Why coaching institutes in Patna need a dedicated CRM || H3: Common admission and follow-up bottlenecks || H3: Impact of fragmented tools on conversions || H2: How OnCampus helps manage leads, students, and fees || H3: Enquiry capture and pipeline automation || H3: Student records, batches, and installment tracking || H2: FAQs for coaching institutes || H2: Book a demo"
25,Location,District HQ / Major Town,/coaching-management-app-bilaspur,coaching management app in bilaspur,Coaching Management App In Bilaspur | OnCampus,"OnCampus helps coaching institutes in Bilaspur with coaching management app in Bilaspur. Manage enquiries, admissions, students and fees. Book a demo today.",Commercial - Coaching institutes in Bilaspur evaluating local software solutions.,"H1: Coaching Management App In Bilaspur || H2: Why coaching institutes in Bilaspur need a dedicated CRM || H3: Common admission and follow-up bottlenecks || H3: Impact of fragmented tools on conversions || H2: How OnCampus helps manage leads, students, and fees || H3: Enquiry capture and pipeline automation || H3: Student records, batches, and installment tracking || H2: FAQs for coaching institutes || H2: Book a demo"
26,Location,Tier 2 / Education Hub,/institute-erp-software-ludhiana,institute erp software in ludhiana,Institute Erp Software In Ludhiana | OnCampus,"OnCampus helps coaching institutes in Ludhiana with institute erp software in Ludhiana. Manage enquiries, admissions, students and fees. Book a demo today.",Commercial - Coaching institutes in Ludhiana evaluating local software solutions.,"H1: Institute Erp Software In Ludhiana || H2: Why coaching institutes in Ludhiana need a dedicated CRM || H3: Common admission and follow-up bottlenecks || H3: Impact of fragmented tools on conversions || H2: How OnCampus helps manage leads, students, and fees || H3: Enquiry capture and pipeline automation || H3: Student records, batches, and installment tracking || H2: FAQs for coaching institutes || H2: Book a demo"
27,Location,District HQ / Major Town,/admission-crm-agra,admission crm in agra,Admission Crm In Agra | OnCampus,"OnCampus helps coaching institutes in Agra with admission crm in Agra. Manage enquiries, admissions, students and fees. Book a demo today.",Commercial - Coaching institutes in Agra evaluating local software solutions.,"H1: Admission Crm In Agra || H2: Why coaching institutes in Agra need a dedicated CRM || H3: Common admission and follow-up bottlenecks || H3: Impact of fragmented tools on conversions || H2: How OnCampus helps manage leads, students, and fees || H3: Enquiry capture and pipeline automation || H3: Student records, batches, and installment tracking || H2: FAQs for coaching institutes || H2: Book a demo"
28,Location,Tier 2 / Education Hub,/coaching-institute-crm-madurai,coaching institute crm in madurai,Coaching Institute Crm In Madurai | OnCampus,"OnCampus helps coaching institutes in Madurai with coaching institute crm in Madurai. Manage enquiries, admissions, students and fees. Book a demo today.",Commercial - Coaching institutes in Madurai evaluating local software solutions.,"H1: Coaching Institute Crm In Madurai || H2: Why coaching institutes in Madurai need a dedicated CRM || H3: Common admission and follow-up bottlenecks || H3: Impact of fragmented tools on conversions || H2: How OnCampus helps manage leads, students, and fees || H3: Enquiry capture and pipeline automation || H3: Student records, batches, and installment tracking || H2: FAQs for coaching institutes || H2: Book a demo"
29,Location,District HQ / Major Town,/student-management-software-jamshedpur,student management software in jamshedpur,Student Management Software In Jamshedpur | OnCampus,"OnCampus helps coaching institutes in Jamshedpur with student management software in Jamshedpur. Manage enquiries, admissions, students and fees. Book a demo...",Commercial - Coaching institutes in Jamshedpur evaluating local software solutions.,"H1: Student Management Software In Jamshedpur || H2: Why coaching institutes in Jamshedpur need a dedicated CRM || H3: Common admission and follow-up bottlenecks || H3: Impact of fragmented tools on conversions || H2: How OnCampus helps manage leads, students, and fees || H3: Enquiry capture and pipeline automation || H3: Student records, batches, and installment tracking || H2: FAQs for coaching institutes || H2: Book a demo"
30,Location,District HQ / Major Town,/student-admission-software-prayagraj,student admission software in prayagraj,Student Admission Software In Prayagraj | OnCampus,"OnCampus helps coaching institutes in Prayagraj with student admission software in Prayagraj. Manage enquiries, admissions, students and fees. Book a demo to...",Commercial - Coaching institutes in Prayagraj evaluating local software solutions.,"H1: Student Admission Software In Prayagraj || H2: Why coaching institutes in Prayagraj need a dedicated CRM || H3: Common admission and follow-up bottlenecks || H3: Impact of fragmented tools on conversions || H2: How OnCampus helps manage leads, students, and fees || H3: Enquiry capture and pipeline automation || H3: Student records, batches, and installment tracking || H2: FAQs for coaching institutes || H2: Book a demo"
31,Location,District HQ / Major Town,/admission-management-software-nasik,admission management software in nasik,Admission Management Software In Nasik | OnCampus,"OnCampus helps coaching institutes in Nasik with admission management software in Nasik. Manage enquiries, admissions, students and fees. Book a demo today.",Commercial - Coaching institutes in Nasik evaluating local software solutions.,"H1: Admission Management Software In Nasik || H2: Why coaching institutes in Nasik need a dedicated CRM || H3: Common admission and follow-up bottlenecks || H3: Impact of fragmented tools on conversions || H2: How OnCampus helps manage leads, students, and fees || H3: Enquiry capture and pipeline automation || H3: Student records, batches, and installment tracking || H2: FAQs for coaching institutes || H2: Book a demo"
32,Location,District HQ / Major Town,/student-enquiry-management-faridabad,student enquiry management in faridabad,Student Enquiry Management In Faridabad | OnCampus,"OnCampus helps coaching institutes in Faridabad with student enquiry management in Faridabad. Manage enquiries, admissions, students and fees. Book a demo to...",Commercial - Coaching institutes in Faridabad evaluating local software solutions.,"H1: Student Enquiry Management In Faridabad || H2: Why coaching institutes in Faridabad need a dedicated CRM || H3: Common admission and follow-up bottlenecks || H3: Impact of fragmented tools on conversions || H2: How OnCampus helps manage leads, students, and fees || H3: Enquiry capture and pipeline automation || H3: Student records, batches, and installment tracking || H2: FAQs for coaching institutes || H2: Book a demo"
33,Location,District HQ / Major Town,/lead-management-for-coaching-institutes-meerut,lead management for coaching institutes in meerut,Lead Management For Coaching Institutes In Meerut | OnCampus,"OnCampus helps coaching institutes in Meerut with lead management for coaching institutes in Meerut. Manage enquiries, admissions, students and fees. Book a...",Commercial - Coaching institutes in Meerut evaluating local software solutions.,"H1: Lead Management For Coaching Institutes In Meerut || H2: Why coaching institutes in Meerut need a dedicated CRM || H3: Common admission and follow-up bottlenecks || H3: Impact of fragmented tools on conversions || H2: How OnCampus helps manage leads, students, and fees || H3: Enquiry capture and pipeline automation || H3: Student records, batches, and installment tracking || H2: FAQs for coaching institutes || H2: Book a demo"
34,Location,Tier 2 / Education Hub,/fee-management-software-jabalpur,fee management software in jabalpur,Fee Management Software In Jabalpur | OnCampus,"OnCampus helps coaching institutes in Jabalpur with fee management software in Jabalpur. Manage enquiries, admissions, students and fees. Book a demo today.",Commercial - Coaching institutes in Jabalpur evaluating local software solutions.,"H1: Fee Management Software In Jabalpur || H2: Why coaching institutes in Jabalpur need a dedicated CRM || H3: Common admission and follow-up bottlenecks || H3: Impact of fragmented tools on conversions || H2: How OnCampus helps manage leads, students, and fees || H3: Enquiry capture and pipeline automation || H3: Student records, batches, and installment tracking || H2: FAQs for coaching institutes || H2: Book a demo"
35,Location,District HQ / Major Town,/coaching-institute-management-system-kalyan,coaching institute management system in kalyan,Coaching Institute Management System In Kalyan | OnCampus,"OnCampus helps coaching institutes in Kalyan with coaching institute management system in Kalyan. Manage enquiries, admissions, students and fees. Book a dem...",Commercial - Coaching institutes in Kalyan evaluating local software solutions.,"H1: Coaching Institute Management System In Kalyan || H2: Why coaching institutes in Kalyan need a dedicated CRM || H3: Common admission and follow-up bottlenecks || H3: Impact of fragmented tools on conversions || H2: How OnCampus helps manage leads, students, and fees || H3: Enquiry capture and pipeline automation || H3: Student records, batches, and installment tracking || H2: FAQs for coaching institutes || H2: Book a demo"
36,Location,District HQ / Major Town,/student-portal-software-vasai-virar,student portal software in vasai-virar,Student Portal Software In Vasai-virar | OnCampus,"OnCampus helps coaching institutes in Vasai-virar with student portal software in Vasai-virar. Manage enquiries, admissions, students and fees. Book a demo t...",Commercial - Coaching institutes in Vasai-virar evaluating local software solutions.,"H1: Student Portal Software In Vasai-virar || H2: Why coaching institutes in Vasai-virar need a dedicated CRM || H3: Common admission and follow-up bottlenecks || H3: Impact of fragmented tools on conversions || H2: How OnCampus helps manage leads, students, and fees || H3: Enquiry capture and pipeline automation || H3: Student records, batches, and installment tracking || H2: FAQs for coaching institutes || H2: Book a demo"
37,Location,District HQ / Major Town,/best-coaching-software-najafgarh,best coaching software in najafgarh,Best Coaching Software In Najafgarh | OnCampus,"OnCampus helps coaching institutes in Najafgarh with best coaching software in Najafgarh. Manage enquiries, admissions, students and fees. Book a demo today.",Commercial - Coaching institutes in Najafgarh evaluating local software solutions.,"H1: Best Coaching Software In Najafgarh || H2: Why coaching institutes in Najafgarh need a dedicated CRM || H3: Common admission and follow-up bottlenecks || H3: Impact of fragmented tools on conversions || H2: How OnCampus helps manage leads, students, and fees || H3: Enquiry capture and pipeline automation || H3: Student records, batches, and installment tracking || H2: FAQs for coaching institutes || H2: Book a demo"
38,Location,District HQ / Major Town,/coaching-management-app-varanasi,coaching management app in varanasi,Coaching Management App In Varanasi | OnCampus,"OnCampus helps coaching institutes in Varanasi with coaching management app in Varanasi. Manage enquiries, admissions, students and fees. Book a demo today.",Commercial - Coaching institutes in Varanasi evaluating local software solutions.,"H1: Coaching Management App In Varanasi || H2: Why coaching institutes in Varanasi need a dedicated CRM || H3: Common admission and follow-up bottlenecks || H3: Impact of fragmented tools on conversions || H2: How OnCampus helps manage leads, students, and fees || H3: Enquiry capture and pipeline automation || H3: Student records, batches, and installment tracking || H2: FAQs for coaching institutes || H2: Book a demo"
39,Location,District HQ / Major Town,/institute-erp-software-srinagar,institute erp software in srinagar,Institute Erp Software In Srinagar | OnCampus,"OnCampus helps coaching institutes in Srinagar with institute erp software in Srinagar. Manage enquiries, admissions, students and fees. Book a demo today.",Commercial - Coaching institutes in Srinagar evaluating local software solutions.,"H1: Institute Erp Software In Srinagar || H2: Why coaching institutes in Srinagar need a dedicated CRM || H3: Common admission and follow-up bottlenecks || H3: Impact of fragmented tools on conversions || H2: How OnCampus helps manage leads, students, and fees || H3: Enquiry capture and pipeline automation || H3: Student records, batches, and installment tracking || H2: FAQs for coaching institutes || H2: Book a demo"
40,Location,Tier 2 / Education Hub,/admission-crm-aurangabad,admission crm in aurangabad,Admission Crm In Aurangabad | OnCampus,"OnCampus helps coaching institutes in Aurangabad with admission crm in Aurangabad. Manage enquiries, admissions, students and fees. Book a demo today.",Commercial - Coaching institutes in Aurangabad evaluating local software solutions.,"H1: Admission Crm In Aurangabad || H2: Why coaching institutes in Aurangabad need a dedicated CRM || H3: Common admission and follow-up bottlenecks || H3: Impact of fragmented tools on conversions || H2: How OnCampus helps manage leads, students, and fees || H3: Enquiry capture and pipeline automation || H3: Student records, batches, and installment tracking || H2: FAQs for coaching institutes || H2: Book a demo"
41,Location,District HQ / Major Town,/coaching-institute-crm-dhanbad,coaching institute crm in dhanbad,Coaching Institute Crm In Dhanbad | OnCampus,"OnCampus helps coaching institutes in Dhanbad with coaching institute crm in Dhanbad. Manage enquiries, admissions, students and fees. Book a demo today.",Commercial - Coaching institutes in Dhanbad evaluating local software solutions.,"H1: Coaching Institute Crm In Dhanbad || H2: Why coaching institutes in Dhanbad need a dedicated CRM || H3: Common admission and follow-up bottlenecks || H3: Impact of fragmented tools on conversions || H2: How OnCampus helps manage leads, students, and fees || H3: Enquiry capture and pipeline automation || H3: Student records, batches, and installment tracking || H2: FAQs for coaching institutes || H2: Book a demo"
42,Location,Tier 2 / Education Hub,/student-management-software-amritsar,student management software in amritsar,Student Management Software In Amritsar | OnCampus,"OnCampus helps coaching institutes in Amritsar with student management software in Amritsar. Manage enquiries, admissions, students and fees. Book a demo today.",Commercial - Coaching institutes in Amritsar evaluating local software solutions.,"H1: Student Management Software In Amritsar || H2: Why coaching institutes in Amritsar need a dedicated CRM || H3: Common admission and follow-up bottlenecks || H3: Impact of fragmented tools on conversions || H2: How OnCampus helps manage leads, students, and fees || H3: Enquiry capture and pipeline automation || H3: Student records, batches, and installment tracking || H2: FAQs for coaching institutes || H2: Book a demo"
43,Location,District HQ / Major Town,/student-admission-software-aligarh,student admission software in aligarh,Student Admission Software In Aligarh | OnCampus,"OnCampus helps coaching institutes in Aligarh with student admission software in Aligarh. Manage enquiries, admissions, students and fees. Book a demo today.",Commercial - Coaching institutes in Aligarh evaluating local software solutions.,"H1: Student Admission Software In Aligarh || H2: Why coaching institutes in Aligarh need a dedicated CRM || H3: Common admission and follow-up bottlenecks || H3: Impact of fragmented tools on conversions || H2: How OnCampus helps manage leads, students, and fees || H3: Enquiry capture and pipeline automation || H3: Student records, batches, and installment tracking || H2: FAQs for coaching institutes || H2: Book a demo"
44,Location,Tier 2 / Education Hub,/admission-management-software-guwahati,admission management software in guwahati,Admission Management Software In Guwahati | OnCampus,"OnCampus helps coaching institutes in Guwahati with admission management software in Guwahati. Manage enquiries, admissions, students and fees. Book a demo t...",Commercial - Coaching institutes in Guwahati evaluating local software solutions.,"H1: Admission Management Software In Guwahati || H2: Why coaching institutes in Guwahati need a dedicated CRM || H3: Common admission and follow-up bottlenecks || H3: Impact of fragmented tools on conversions || H2: How OnCampus helps manage leads, students, and fees || H3: Enquiry capture and pipeline automation || H3: Student records, batches, and installment tracking || H2: FAQs for coaching institutes || H2: Book a demo"
45,Location,District HQ / Major Town,/student-enquiry-management-haora,student enquiry management in haora,Student Enquiry Management In Haora | OnCampus,"OnCampus helps coaching institutes in Haora with student enquiry management in Haora. Manage enquiries, admissions, students and fees. Book a demo today.",Commercial - Coaching institutes in Haora evaluating local software solutions.,"H1: Student Enquiry Management In Haora || H2: Why coaching institutes in Haora need a dedicated CRM || H3: Common admission and follow-up bottlenecks || H3: Impact of fragmented tools on conversions || H2: How OnCampus helps manage leads, students, and fees || H3: Enquiry capture and pipeline automation || H3: Student records, batches, and installment tracking || H2: FAQs for coaching institutes || H2: Book a demo"
46,Location,Tier 2 / Education Hub,/lead-management-for-coaching-institutes-ranchi,lead management for coaching institutes in ranchi,Lead Management For Coaching Institutes In Ranchi | OnCampus,"OnCampus helps coaching institutes in Ranchi with lead management for coaching institutes in Ranchi. Manage enquiries, admissions, students and fees. Book a...",Commercial - Coaching institutes in Ranchi evaluating local software solutions.,"H1: Lead Management For Coaching Institutes In Ranchi || H2: Why coaching institutes in Ranchi need a dedicated CRM || H3: Common admission and follow-up bottlenecks || H3: Impact of fragmented tools on conversions || H2: How OnCampus helps manage leads, students, and fees || H3: Enquiry capture and pipeline automation || H3: Student records, batches, and installment tracking || H2: FAQs for coaching institutes || H2: Book a demo"
47,Location,Tier 2 / Education Hub,/fee-management-software-gwalior,fee management software in gwalior,Fee Management Software In Gwalior | OnCampus,"OnCampus helps coaching institutes in Gwalior with fee management software in Gwalior. Manage enquiries, admissions, students and fees. Book a demo today.",Commercial - Coaching institutes in Gwalior evaluating local software solutions.,"H1: Fee Management Software In Gwalior || H2: Why coaching institutes in Gwalior need a dedicated CRM || H3: Common admission and follow-up bottlenecks || H3: Impact of fragmented tools on conversions || H2: How OnCampus helps manage leads, students, and fees || H3: Enquiry capture and pipeline automation || H3: Student records, batches, and installment tracking || H2: FAQs for coaching institutes || H2: Book a demo"
48,Location,Tier 2 / Education Hub,/coaching-institute-management-system-chandigarh,coaching institute management system in chandigarh,Coaching Institute Management System In Chandigarh | OnCa...,"OnCampus helps coaching institutes in Chandigarh with coaching institute management system in Chandigarh. Manage enquiries, admissions, students and fees. Bo...",Commercial - Coaching institutes in Chandigarh evaluating local software solutions.,"H1: Coaching Institute Management System In Chandigarh || H2: Why coaching institutes in Chandigarh need a dedicated CRM || H3: Common admission and follow-up bottlenecks || H3: Impact of fragmented tools on conversions || H2: How OnCampus helps manage leads, students, and fees || H3: Enquiry capture and pipeline automation || H3: Student records, batches, and installment tracking || H2: FAQs for coaching institutes || H2: Book a demo"
49,Location,District HQ / Major Town,/student-portal-software-haldwani,student portal software in haldwani,Student Portal Software In Haldwani | OnCampus,"OnCampus helps coaching institutes in Haldwani with student portal software in Haldwani. Manage enquiries, admissions, students and fees. Book a demo today.",Commercial - Coaching institutes in Haldwani evaluating local software solutions.,"H1: Student Portal Software In Haldwani || H2: Why coaching institutes in Haldwani need a dedicated CRM || H3: Common admission and follow-up bottlenecks || H3: Impact of fragmented tools on conversions || H2: How OnCampus helps manage leads, students, and fees || H3: Enquiry capture and pipeline automation || H3: Student records, batches, and installment tracking || H2: FAQs for coaching institutes || H2: Book a demo"
50,Location,District HQ / Major Town,/best-coaching-software-vijayavada,best coaching software in vijayavada,Best Coaching Software In Vijayavada | OnCampus,"OnCampus helps coaching institutes in Vijayavada with best coaching software in Vijayavada. Manage enquiries, admissions, students and fees. Book a demo today.",Commercial - Coaching institutes in Vijayavada evaluating local software solutions.,"H1: Best Coaching Software In Vijayavada || H2: Why coaching institutes in Vijayavada need a dedicated CRM || H3: Common admission and follow-up bottlenecks || H3: Impact of fragmented tools on conversions || H2: How OnCampus helps manage leads, students, and fees || H3: Enquiry capture and pipeline automation || H3: Student records, batches, and installment tracking || H2: FAQs for coaching institutes || H2: Book a demo"
51,Location,Tier 2 / Education Hub,/coaching-management-app-jodhpur,coaching management app in jodhpur,Coaching Management App In Jodhpur | OnCampus,"OnCampus helps coaching institutes in Jodhpur with coaching management app in Jodhpur. Manage enquiries, admissions, students and fees. Book a demo today.",Commercial - Coaching institutes in Jodhpur evaluating local software solutions.,"H1: Coaching Management App In Jodhpur || H2: Why coaching institutes in Jodhpur need a dedicated CRM || H3: Common admission and follow-up bottlenecks || H3: Impact of fragmented tools on conversions || H2: How OnCampus helps manage leads, students, and fees || H3: Enquiry capture and pipeline automation || H3: Student records, batches, and installment tracking || H2: FAQs for coaching institutes || H2: Book a demo"
52,Location,District HQ / Major Town,/institute-erp-software-raipur,institute erp software in raipur,Institute Erp Software In Raipur | OnCampus,"OnCampus helps coaching institutes in Raipur with institute erp software in Raipur. Manage enquiries, admissions, students and fees. Book a demo today.",Commercial - Coaching institutes in Raipur evaluating local software solutions.,"H1: Institute Erp Software In Raipur || H2: Why coaching institutes in Raipur need a dedicated CRM || H3: Common admission and follow-up bottlenecks || H3: Impact of fragmented tools on conversions || H2: How OnCampus helps manage leads, students, and fees || H3: Enquiry capture and pipeline automation || H3: Student records, batches, and installment tracking || H2: FAQs for coaching institutes || H2: Book a demo"
53,Location,Tier 2 / Education Hub,/admission-crm-kota,admission crm in kota,Admission Crm In Kota | OnCampus,"OnCampus helps coaching institutes in Kota with admission crm in Kota. Manage enquiries, admissions, students and fees. Book a demo today.",Commercial - Coaching institutes in Kota evaluating local software solutions.,"H1: Admission Crm In Kota || H2: Why coaching institutes in Kota need a dedicated CRM || H3: Common admission and follow-up bottlenecks || H3: Impact of fragmented tools on conversions || H2: How OnCampus helps manage leads, students, and fees || H3: Enquiry capture and pipeline automation || H3: Student records, batches, and installment tracking || H2: FAQs for coaching institutes || H2: Book a demo"
54,Location,District HQ / Major Town,/coaching-institute-crm-bhayandar,coaching institute crm in bhayandar,Coaching Institute Crm In Bhayandar | OnCampus,"OnCampus helps coaching institutes in Bhayandar with coaching institute crm in Bhayandar. Manage enquiries, admissions, students and fees. Book a demo today.",Commercial - Coaching institutes in Bhayandar evaluating local software solutions.,"H1: Coaching Institute Crm In Bhayandar || H2: Why coaching institutes in Bhayandar need a dedicated CRM || H3: Common admission and follow-up bottlenecks || H3: Impact of fragmented tools on conversions || H2: How OnCampus helps manage leads, students, and fees || H3: Enquiry capture and pipeline automation || H3: Student records, batches, and installment tracking || H2: FAQs for coaching institutes || H2: Book a demo"
55,Location,District HQ / Major Town,/student-management-software-loni,student management software in loni,Student Management Software In Loni | OnCampus,"OnCampus helps coaching institutes in Loni with student management software in Loni. Manage enquiries, admissions, students and fees. Book a demo today.",Commercial - Coaching institutes in Loni evaluating local software solutions.,"H1: Student Management Software In Loni || H2: Why coaching institutes in Loni need a dedicated CRM || H3: Common admission and follow-up bottlenecks || H3: Impact of fragmented tools on conversions || H2: How OnCampus helps manage leads, students, and fees || H3: Enquiry capture and pipeline automation || H3: Student records, batches, and installment tracking || H2: FAQs for coaching institutes || H2: Book a demo"
56,Location,District HQ / Major Town,/student-admission-software-ambattur,student admission software in ambattur,Student Admission Software In Ambattur | OnCampus,"OnCampus helps coaching institutes in Ambattur with student admission software in Ambattur. Manage enquiries, admissions, students and fees. Book a demo today.",Commercial - Coaching institutes in Ambattur evaluating local software solutions.,"H1: Student Admission Software In Ambattur || H2: Why coaching institutes in Ambattur need a dedicated CRM || H3: Common admission and follow-up bottlenecks || H3: Impact of fragmented tools on conversions || H2: How OnCampus helps manage leads, students, and fees || H3: Enquiry capture and pipeline automation || H3: Student records, batches, and installment tracking || H2: FAQs for coaching institutes || H2: Book a demo"
57,Location,District HQ / Major Town,/admission-management-software-salt-lake-city,admission management software in salt lake city,Admission Management Software In Salt Lake City | OnCampus,"OnCampus helps coaching institutes in Salt Lake City with admission management software in Salt Lake City. Manage enquiries, admissions, students and fees. B...",Commercial - Coaching institutes in Salt Lake City evaluating local software solutions.,"H1: Admission Management Software In Salt Lake City || H2: Why coaching institutes in Salt Lake City need a dedicated CRM || H3: Common admission and follow-up bottlenecks || H3: Impact of fragmented tools on conversions || H2: How OnCampus helps manage leads, students, and fees || H3: Enquiry capture and pipeline automation || H3: Student records, batches, and installment tracking || H2: FAQs for coaching institutes || H2: Book a demo"
58,Location,District HQ / Major Town,/student-enquiry-management-bhatpara,student enquiry management in bhatpara,Student Enquiry Management In Bhatpara | OnCampus,"OnCampus helps coaching institutes in Bhatpara with student enquiry management in Bhatpara. Manage enquiries, admissions, students and fees. Book a demo today.",Commercial - Coaching institutes in Bhatpara evaluating local software solutions.,"H1: Student Enquiry Management In Bhatpara || H2: Why coaching institutes in Bhatpara need a dedicated CRM || H3: Common admission and follow-up bottlenecks || H3: Impact of fragmented tools on conversions || H2: How OnCampus helps manage leads, students, and fees || H3: Enquiry capture and pipeline automation || H3: Student records, batches, and installment tracking || H2: FAQs for coaching institutes || H2: Book a demo"
59,Location,District HQ / Major Town,/lead-management-for-coaching-institutes-kukatpalli,lead management for coaching institutes in kukatpalli,Lead Management For Coaching Institutes In Kukatpalli | O...,"OnCampus helps coaching institutes in Kukatpalli with lead management for coaching institutes in Kukatpalli. Manage enquiries, admissions, students and fees....",Commercial - Coaching institutes in Kukatpalli evaluating local software solutions.,"H1: Lead Management For Coaching Institutes In Kukatpalli || H2: Why coaching institutes in Kukatpalli need a dedicated CRM || H3: Common admission and follow-up bottlenecks || H3: Impact of fragmented tools on conversions || H2: How OnCampus helps manage leads, students, and fees || H3: Enquiry capture and pipeline automation || H3: Student records, batches, and installment tracking || H2: FAQs for coaching institutes || H2: Book a demo"
60,Location,District HQ / Major Town,/fee-management-software-dasarhalli,fee management software in dasarhalli,Fee Management Software In Dasarhalli | OnCampus,"OnCampus helps coaching institutes in Dasarhalli with fee management software in Dasarhalli. Manage enquiries, admissions, students and fees. Book a demo today.",Commercial - Coaching institutes in Dasarhalli evaluating local software solutions.,"H1: Fee Management Software In Dasarhalli || H2: Why coaching institutes in Dasarhalli need a dedicated CRM || H3: Common admission and follow-up bottlenecks || H3: Impact of fragmented tools on conversions || H2: How OnCampus helps manage leads, students, and fees || H3: Enquiry capture and pipeline automation || H3: Student records, batches, and installment tracking || H2: FAQs for coaching institutes || H2: Book a demo"
61,Location,District HQ / Major Town,/coaching-institute-management-system-muzaffarpur,coaching institute management system in muzaffarpur,Coaching Institute Management System In Muzaffarpur | OnC...,"OnCampus helps coaching institutes in Muzaffarpur with coaching institute management system in Muzaffarpur. Manage enquiries, admissions, students and fees....",Commercial - Coaching institutes in Muzaffarpur evaluating local software solutions.,"H1: Coaching Institute Management System In Muzaffarpur || H2: Why coaching institutes in Muzaffarpur need a dedicated CRM || H3: Common admission and follow-up bottlenecks || H3: Impact of fragmented tools on conversions || H2: How OnCampus helps manage leads, students, and fees || H3: Enquiry capture and pipeline automation || H3: Student records, batches, and installment tracking || H2: FAQs for coaching institutes || H2: Book a demo"
62,Location,District HQ / Major Town,/student-portal-software-oulgaret,student portal software in oulgaret,Student Portal Software In Oulgaret | OnCampus,"OnCampus helps coaching institutes in Oulgaret with student portal software in Oulgaret. Manage enquiries, admissions, students and fees. Book a demo today.",Commercial - Coaching institutes in Oulgaret evaluating local software solutions.,"H1: Student Portal Software In Oulgaret || H2: Why coaching institutes in Oulgaret need a dedicated CRM || H3: Common admission and follow-up bottlenecks || H3: Impact of fragmented tools on conversions || H2: How OnCampus helps manage leads, students, and fees || H3: Enquiry capture and pipeline automation || H3: Student records, batches, and installment tracking || H2: FAQs for coaching institutes || H2: Book a demo"
63,Location,Metro/Tier 1,/best-coaching-software-new-delhi,best coaching software in new delhi,Best Coaching Software In New Delhi | OnCampus,"OnCampus helps coaching institutes in New Delhi with best coaching software in New Delhi. Manage enquiries, admissions, students and fees. Book a demo today.",Commercial - Coaching institutes in New Delhi evaluating local software solutions.,"H1: Best Coaching Software In New Delhi || H2: Why coaching institutes in New Delhi need a dedicated CRM || H3: Common admission and follow-up bottlenecks || H3: Impact of fragmented tools on conversions || H2: How OnCampus helps manage leads, students, and fees || H3: Enquiry capture and pipeline automation || H3: Student records, batches, and installment tracking || H2: FAQs for coaching institutes || H2: Book a demo"
64,Location,District HQ / Major Town,/coaching-management-app-tiruvottiyur,coaching management app in tiruvottiyur,Coaching Management App In Tiruvottiyur | OnCampus,"OnCampus helps coaching institutes in Tiruvottiyur with coaching management app in Tiruvottiyur. Manage enquiries, admissions, students and fees. Book a demo...",Commercial - Coaching institutes in Tiruvottiyur evaluating local software solutions.,"H1: Coaching Management App In Tiruvottiyur || H2: Why coaching institutes in Tiruvottiyur need a dedicated CRM || H3: Common admission and follow-up bottlenecks || H3: Impact of fragmented tools on conversions || H2: How OnCampus helps manage leads, students, and fees || H3: Enquiry capture and pipeline automation || H3: Student records, batches, and installment tracking || H2: FAQs for coaching institutes || H2: Book a demo"
65,Location,District HQ / Major Town,/institute-erp-software-puducherry,institute erp software in puducherry,Institute Erp Software In Puducherry | OnCampus,"OnCampus helps coaching institutes in Puducherry with institute erp software in Puducherry. Manage enquiries, admissions, students and fees. Book a demo today.",Commercial - Coaching institutes in Puducherry evaluating local software solutions.,"H1: Institute Erp Software In Puducherry || H2: Why coaching institutes in Puducherry need a dedicated CRM || H3: Common admission and follow-up bottlenecks || H3: Impact of fragmented tools on conversions || H2: How OnCampus helps manage leads, students, and fees || H3: Enquiry capture and pipeline automation || H3: Student records, batches, and installment tracking || H2: FAQs for coaching institutes || H2: Book a demo"
66,Location,District HQ / Major Town,/admission-crm-byatarayanpur,admission crm in byatarayanpur,Admission Crm In Byatarayanpur | OnCampus,"OnCampus helps coaching institutes in Byatarayanpur with admission crm in Byatarayanpur. Manage enquiries, admissions, students and fees. Book a demo today.",Commercial - Coaching institutes in Byatarayanpur evaluating local software solutions.,"H1: Admission Crm In Byatarayanpur || H2: Why coaching institutes in Byatarayanpur need a dedicated CRM || H3: Common admission and follow-up bottlenecks || H3: Impact of fragmented tools on conversions || H2: How OnCampus helps manage leads, students, and fees || H3: Enquiry capture and pipeline automation || H3: Student records, batches, and installment tracking || H2: FAQs for coaching institutes || H2: Book a demo"
67,Location,District HQ / Major Town,/coaching-institute-crm-pallavaram,coaching institute crm in pallavaram,Coaching Institute Crm In Pallavaram | OnCampus,"OnCampus helps coaching institutes in Pallavaram with coaching institute crm in Pallavaram. Manage enquiries, admissions, students and fees. Book a demo today.",Commercial - Coaching institutes in Pallavaram evaluating local software solutions.,"H1: Coaching Institute Crm In Pallavaram || H2: Why coaching institutes in Pallavaram need a dedicated CRM || H3: Common admission and follow-up bottlenecks || H3: Impact of fragmented tools on conversions || H2: How OnCampus helps manage leads, students, and fees || H3: Enquiry capture and pipeline automation || H3: Student records, batches, and installment tracking || H2: FAQs for coaching institutes || H2: Book a demo"
68,Location,District HQ / Major Town,/student-management-software-secunderabad,student management software in secunderabad,Student Management Software In Secunderabad | OnCampus,"OnCampus helps coaching institutes in Secunderabad with student management software in Secunderabad. Manage enquiries, admissions, students and fees. Book a...",Commercial - Coaching institutes in Secunderabad evaluating local software solutions.,"H1: Student Management Software In Secunderabad || H2: Why coaching institutes in Secunderabad need a dedicated CRM || H3: Common admission and follow-up bottlenecks || H3: Impact of fragmented tools on conversions || H2: How OnCampus helps manage leads, students, and fees || H3: Enquiry capture and pipeline automation || H3: Student records, batches, and installment tracking || H2: FAQs for coaching institutes || H2: Book a demo"
69,Location,District HQ / Major Town,/student-admission-software-shimla,student admission software in shimla,Student Admission Software In Shimla | OnCampus,"OnCampus helps coaching institutes in Shimla with student admission software in Shimla. Manage enquiries, admissions, students and fees. Book a demo today.",Commercial - Coaching institutes in Shimla evaluating local software solutions.,"H1: Student Admission Software In Shimla || H2: Why coaching institutes in Shimla need a dedicated CRM || H3: Common admission and follow-up bottlenecks || H3: Impact of fragmented tools on conversions || H2: How OnCampus helps manage leads, students, and fees || H3: Enquiry capture and pipeline automation || H3: Student records, batches, and installment tracking || H2: FAQs for coaching institutes || H2: Book a demo"
70,Location,District HQ / Major Town,/admission-management-software-puri,admission management software in puri,Admission Management Software In Puri | OnCampus,"OnCampus helps coaching institutes in Puri with admission management software in Puri. Manage enquiries, admissions, students and fees. Book a demo today.",Commercial - Coaching institutes in Puri evaluating local software solutions.,"H1: Admission Management Software In Puri || H2: Why coaching institutes in Puri need a dedicated CRM || H3: Common admission and follow-up bottlenecks || H3: Impact of fragmented tools on conversions || H2: How OnCampus helps manage leads, students, and fees || H3: Enquiry capture and pipeline automation || H3: Student records, batches, and installment tracking || H2: FAQs for coaching institutes || H2: Book a demo"
71,Location,District HQ / Major Town,/student-enquiry-management-murtazabad,student enquiry management in murtazabad,Student Enquiry Management In Murtazabad | OnCampus,"OnCampus helps coaching institutes in Murtazabad with student enquiry management in Murtazabad. Manage enquiries, admissions, students and fees. Book a demo...",Commercial - Coaching institutes in Murtazabad evaluating local software solutions.,"H1: Student Enquiry Management In Murtazabad || H2: Why coaching institutes in Murtazabad need a dedicated CRM || H3: Common admission and follow-up bottlenecks || H3: Impact of fragmented tools on conversions || H2: How OnCampus helps manage leads, students, and fees || H3: Enquiry capture and pipeline automation || H3: Student records, batches, and installment tracking || H2: FAQs for coaching institutes || H2: Book a demo"
72,Location,District HQ / Major Town,/lead-management-for-coaching-institutes-shrirampur,lead management for coaching institutes in shrirampur,Lead Management For Coaching Institutes In Shrirampur | O...,"OnCampus helps coaching institutes in Shrirampur with lead management for coaching institutes in Shrirampur. Manage enquiries, admissions, students and fees....",Commercial - Coaching institutes in Shrirampur evaluating local software solutions.,"H1: Lead Management For Coaching Institutes In Shrirampur || H2: Why coaching institutes in Shrirampur need a dedicated CRM || H3: Common admission and follow-up bottlenecks || H3: Impact of fragmented tools on conversions || H2: How OnCampus helps manage leads, students, and fees || H3: Enquiry capture and pipeline automation || H3: Student records, batches, and installment tracking || H2: FAQs for coaching institutes || H2: Book a demo"
73,Location,District HQ / Major Town,/fee-management-software-chandannagar,fee management software in chandannagar,Fee Management Software In Chandannagar | OnCampus,"OnCampus helps coaching institutes in Chandannagar with fee management software in Chandannagar. Manage enquiries, admissions, students and fees. Book a demo...",Commercial - Coaching institutes in Chandannagar evaluating local software solutions.,"H1: Fee Management Software In Chandannagar || H2: Why coaching institutes in Chandannagar need a dedicated CRM || H3: Common admission and follow-up bottlenecks || H3: Impact of fragmented tools on conversions || H2: How OnCampus helps manage leads, students, and fees || H3: Enquiry capture and pipeline automation || H3: Student records, batches, and installment tracking || H2: FAQs for coaching institutes || H2: Book a demo"
74,Location,District HQ / Major Town,/coaching-institute-management-system-sultanpur-mazra,coaching institute management system in sultanpur mazra,Coaching Institute Management System In Sultanpur Mazra |...,"OnCampus helps coaching institutes in Sultanpur Mazra with coaching institute management system in Sultanpur Mazra. Manage enquiries, admissions, students an...",Commercial - Coaching institutes in Sultanpur Mazra evaluating local software solutions.,"H1: Coaching Institute Management System In Sultanpur Mazra || H2: Why coaching institutes in Sultanpur Mazra need a dedicated CRM || H3: Common admission and follow-up bottlenecks || H3: Impact of fragmented tools on conversions || H2: How OnCampus helps manage leads, students, and fees || H3: Enquiry capture and pipeline automation || H3: Student records, batches, and installment tracking || H2: FAQs for coaching institutes || H2: Book a demo"
75,Location,District HQ / Major Town,/student-portal-software-krishnanagar,student portal software in krishnanagar,Student Portal Software In Krishnanagar | OnCampus,"OnCampus helps coaching institutes in Krishnanagar with student portal software in Krishnanagar. Manage enquiries, admissions, students and fees. Book a demo...",Commercial - Coaching institutes in Krishnanagar evaluating local software solutions.,"H1: Student Portal Software In Krishnanagar || H2: Why coaching institutes in Krishnanagar need a dedicated CRM || H3: Common admission and follow-up bottlenecks || H3: Impact of fragmented tools on conversions || H2: How OnCampus helps manage leads, students, and fees || H3: Enquiry capture and pipeline automation || H3: Student records, batches, and installment tracking || H2: FAQs for coaching institutes || H2: Book a demo"
76,Location,District HQ / Major Town,/best-coaching-software-barakpur,best coaching software in barakpur,Best Coaching Software In Barakpur | OnCampus,"OnCampus helps coaching institutes in Barakpur with best coaching software in Barakpur. Manage enquiries, admissions, students and fees. Book a demo today.",Commercial - Coaching institutes in Barakpur evaluating local software solutions.,"H1: Best Coaching Software In Barakpur || H2: Why coaching institutes in Barakpur need a dedicated CRM || H3: Common admission and follow-up bottlenecks || H3: Impact of fragmented tools on conversions || H2: How OnCampus helps manage leads, students, and fees || H3: Enquiry capture and pipeline automation || H3: Student records, batches, and installment tracking || H2: FAQs for coaching institutes || H2: Book a demo"
77,Location,District HQ / Major Town,/coaching-management-app-bhalswa-jahangirpur,coaching management app in bhalswa jahangirpur,Coaching Management App In Bhalswa Jahangirpur | OnCampus,"OnCampus helps coaching institutes in Bhalswa Jahangirpur with coaching management app in Bhalswa Jahangirpur. Manage enquiries, admissions, students and fee...",Commercial - Coaching institutes in Bhalswa Jahangirpur evaluating local software solutions.,"H1: Coaching Management App In Bhalswa Jahangirpur || H2: Why coaching institutes in Bhalswa Jahangirpur need a dedicated CRM || H3: Common admission and follow-up bottlenecks || H3: Impact of fragmented tools on conversions || H2: How OnCampus helps manage leads, students, and fees || H3: Enquiry capture and pipeline automation || H3: Student records, batches, and installment tracking || H2: FAQs for coaching institutes || H2: Book a demo"
78,Location,District HQ / Major Town,/institute-erp-software-nangloi-jat,institute erp software in nangloi jat,Institute Erp Software In Nangloi Jat | OnCampus,"OnCampus helps coaching institutes in Nangloi Jat with institute erp software in Nangloi Jat. Manage enquiries, admissions, students and fees. Book a demo to...",Commercial - Coaching institutes in Nangloi Jat evaluating local software solutions.,"H1: Institute Erp Software In Nangloi Jat || H2: Why coaching institutes in Nangloi Jat need a dedicated CRM || H3: Common admission and follow-up bottlenecks || H3: Impact of fragmented tools on conversions || H2: How OnCampus helps manage leads, students, and fees || H3: Enquiry capture and pipeline automation || H3: Student records, batches, and installment tracking || H2: FAQs for coaching institutes || H2: Book a demo"
79,Location,District HQ / Major Town,/admission-crm-balasore,admission crm in balasore,Admission Crm In Balasore | OnCampus,"OnCampus helps coaching institutes in Balasore with admission crm in Balasore. Manage enquiries, admissions, students and fees. Book a demo today.",Commercial - Coaching institutes in Balasore evaluating local software solutions.,"H1: Admission Crm In Balasore || H2: Why coaching institutes in Balasore need a dedicated CRM || H3: Common admission and follow-up bottlenecks || H3: Impact of fragmented tools on conversions || H2: How OnCampus helps manage leads, students, and fees || H3: Enquiry capture and pipeline automation || H3: Student records, batches, and installment tracking || H2: FAQs for coaching institutes || H2: Book a demo"
80,Location,District HQ / Major Town,/coaching-institute-crm-dalupura,coaching institute crm in dalupura,Coaching Institute Crm In Dalupura | OnCampus,"OnCampus helps coaching institutes in Dalupura with coaching institute crm in Dalupura. Manage enquiries, admissions, students and fees. Book a demo today.",Commercial - Coaching institutes in Dalupura evaluating local software solutions.,"H1: Coaching Institute Crm In Dalupura || H2: Why coaching institutes in Dalupura need a dedicated CRM || H3: Common admission and follow-up bottlenecks || H3: Impact of fragmented tools on conversions || H2: How OnCampus helps manage leads, students, and fees || H3: Enquiry capture and pipeline automation || H3: Student records, batches, and installment tracking || H2: FAQs for coaching institutes || H2: Book a demo"
81,Location,District HQ / Major Town,/student-management-software-yelahanka,student management software in yelahanka,Student Management Software In Yelahanka | OnCampus,"OnCampus helps coaching institutes in Yelahanka with student management software in Yelahanka. Manage enquiries, admissions, students and fees. Book a demo t...",Commercial - Coaching institutes in Yelahanka evaluating local software solutions.,"H1: Student Management Software In Yelahanka || H2: Why coaching institutes in Yelahanka need a dedicated CRM || H3: Common admission and follow-up bottlenecks || H3: Impact of fragmented tools on conversions || H2: How OnCampus helps manage leads, students, and fees || H3: Enquiry capture and pipeline automation || H3: Student records, batches, and installment tracking || H2: FAQs for coaching institutes || H2: Book a demo"
82,Location,District HQ / Major Town,/student-admission-software-titagarh,student admission software in titagarh,Student Admission Software In Titagarh | OnCampus,"OnCampus helps coaching institutes in Titagarh with student admission software in Titagarh. Manage enquiries, admissions, students and fees. Book a demo today.",Commercial - Coaching institutes in Titagarh evaluating local software solutions.,"H1: Student Admission Software In Titagarh || H2: Why coaching institutes in Titagarh need a dedicated CRM || H3: Common admission and follow-up bottlenecks || H3: Impact of fragmented tools on conversions || H2: How OnCampus helps manage leads, students, and fees || H3: Enquiry capture and pipeline automation || H3: Student records, batches, and installment tracking || H2: FAQs for coaching institutes || H2: Book a demo"
83,Location,District HQ / Major Town,/admission-management-software-dam-dam,admission management software in dam dam,Admission Management Software In Dam Dam | OnCampus,"OnCampus helps coaching institutes in Dam Dam with admission management software in Dam Dam. Manage enquiries, admissions, students and fees. Book a demo today.",Commercial - Coaching institutes in Dam Dam evaluating local software solutions.,"H1: Admission Management Software In Dam Dam || H2: Why coaching institutes in Dam Dam need a dedicated CRM || H3: Common admission and follow-up bottlenecks || H3: Impact of fragmented tools on conversions || H2: How OnCampus helps manage leads, students, and fees || H3: Enquiry capture and pipeline automation || H3: Student records, batches, and installment tracking || H2: FAQs for coaching institutes || H2: Book a demo"
84,Location,District HQ / Major Town,/student-enquiry-management-bansbaria,student enquiry management in bansbaria,Student Enquiry Management In Bansbaria | OnCampus,"OnCampus helps coaching institutes in Bansbaria with student enquiry management in Bansbaria. Manage enquiries, admissions, students and fees. Book a demo to...",Commercial - Coaching institutes in Bansbaria evaluating local software solutions.,"H1: Student Enquiry Management In Bansbaria || H2: Why coaching institutes in Bansbaria need a dedicated CRM || H3: Common admission and follow-up bottlenecks || H3: Impact of fragmented tools on conversions || H2: How OnCampus helps manage leads, students, and fees || H3: Enquiry capture and pipeline automation || H3: Student records, batches, and installment tracking || H2: FAQs for coaching institutes || H2: Book a demo"
85,Location,District HQ / Major Town,/lead-management-for-coaching-institutes-madhavaram,lead management for coaching institutes in madhavaram,Lead Management For Coaching Institutes In Madhavaram | O...,"OnCampus helps coaching institutes in Madhavaram with lead management for coaching institutes in Madhavaram. Manage enquiries, admissions, students and fees....",Commercial - Coaching institutes in Madhavaram evaluating local software solutions.,"H1: Lead Management For Coaching Institutes In Madhavaram || H2: Why coaching institutes in Madhavaram need a dedicated CRM || H3: Common admission and follow-up bottlenecks || H3: Impact of fragmented tools on conversions || H2: How OnCampus helps manage leads, students, and fees || H3: Enquiry capture and pipeline automation || H3: Student records, batches, and installment tracking || H2: FAQs for coaching institutes || H2: Book a demo"
86,Location,District HQ / Major Town,/fee-management-software-abbigeri,fee management software in abbigeri,Fee Management Software In Abbigeri | OnCampus,"OnCampus helps coaching institutes in Abbigeri with fee management software in Abbigeri. Manage enquiries, admissions, students and fees. Book a demo today.",Commercial - Coaching institutes in Abbigeri evaluating local software solutions.,"H1: Fee Management Software In Abbigeri || H2: Why coaching institutes in Abbigeri need a dedicated CRM || H3: Common admission and follow-up bottlenecks || H3: Impact of fragmented tools on conversions || H2: How OnCampus helps manage leads, students, and fees || H3: Enquiry capture and pipeline automation || H3: Student records, batches, and installment tracking || H2: FAQs for coaching institutes || H2: Book a demo"
87,Location,District HQ / Major Town,/coaching-institute-management-system-baj-baj,coaching institute management system in baj baj,Coaching Institute Management System In Baj Baj | OnCampus,"OnCampus helps coaching institutes in Baj Baj with coaching institute management system in Baj Baj. Manage enquiries, admissions, students and fees. Book a d...",Commercial - Coaching institutes in Baj Baj evaluating local software solutions.,"H1: Coaching Institute Management System In Baj Baj || H2: Why coaching institutes in Baj Baj need a dedicated CRM || H3: Common admission and follow-up bottlenecks || H3: Impact of fragmented tools on conversions || H2: How OnCampus helps manage leads, students, and fees || H3: Enquiry capture and pipeline automation || H3: Student records, batches, and installment tracking || H2: FAQs for coaching institutes || H2: Book a demo"
88,Location,District HQ / Major Town,/student-portal-software-garhi,student portal software in garhi,Student Portal Software In Garhi | OnCampus,"OnCampus helps coaching institutes in Garhi with student portal software in Garhi. Manage enquiries, admissions, students and fees. Book a demo today.",Commercial - Coaching institutes in Garhi evaluating local software solutions.,"H1: Student Portal Software In Garhi || H2: Why coaching institutes in Garhi need a dedicated CRM || H3: Common admission and follow-up bottlenecks || H3: Impact of fragmented tools on conversions || H2: How OnCampus helps manage leads, students, and fees || H3: Enquiry capture and pipeline automation || H3: Student records, batches, and installment tracking || H2: FAQs for coaching institutes || H2: Book a demo"
89,Location,District HQ / Major Town,/best-coaching-software-mirpeta,best coaching software in mirpeta,Best Coaching Software In Mirpeta | OnCampus,"OnCampus helps coaching institutes in Mirpeta with best coaching software in Mirpeta. Manage enquiries, admissions, students and fees. Book a demo today.",Commercial - Coaching institutes in Mirpeta evaluating local software solutions.,"H1: Best Coaching Software In Mirpeta || H2: Why coaching institutes in Mirpeta need a dedicated CRM || H3: Common admission and follow-up bottlenecks || H3: Impact of fragmented tools on conversions || H2: How OnCampus helps manage leads, students, and fees || H3: Enquiry capture and pipeline automation || H3: Student records, batches, and installment tracking || H2: FAQs for coaching institutes || H2: Book a demo"
90,Location,District HQ / Major Town,/coaching-management-app-nerkunram,coaching management app in nerkunram,Coaching Management App In Nerkunram | OnCampus,"OnCampus helps coaching institutes in Nerkunram with coaching management app in Nerkunram. Manage enquiries, admissions, students and fees. Book a demo today.",Commercial - Coaching institutes in Nerkunram evaluating local software solutions.,"H1: Coaching Management App In Nerkunram || H2: Why coaching institutes in Nerkunram need a dedicated CRM || H3: Common admission and follow-up bottlenecks || H3: Impact of fragmented tools on conversions || H2: How OnCampus helps manage leads, students, and fees || H3: Enquiry capture and pipeline automation || H3: Student records, batches, and installment tracking || H2: FAQs for coaching institutes || H2: Book a demo"
91,Location,District HQ / Major Town,/institute-erp-software-kendraparha,institute erp software in kendraparha,Institute Erp Software In Kendraparha | OnCampus,"OnCampus helps coaching institutes in Kendraparha with institute erp software in Kendraparha. Manage enquiries, admissions, students and fees. Book a demo to...",Commercial - Coaching institutes in Kendraparha evaluating local software solutions.,"H1: Institute Erp Software In Kendraparha || H2: Why coaching institutes in Kendraparha need a dedicated CRM || H3: Common admission and follow-up bottlenecks || H3: Impact of fragmented tools on conversions || H2: How OnCampus helps manage leads, students, and fees || H3: Enquiry capture and pipeline automation || H3: Student records, batches, and installment tracking || H2: FAQs for coaching institutes || H2: Book a demo"
92,Location,District HQ / Major Town,/admission-crm-sijua,admission crm in sijua,Admission Crm In Sijua | OnCampus,"OnCampus helps coaching institutes in Sijua with admission crm in Sijua. Manage enquiries, admissions, students and fees. Book a demo today.",Commercial - Coaching institutes in Sijua evaluating local software solutions.,"H1: Admission Crm In Sijua || H2: Why coaching institutes in Sijua need a dedicated CRM || H3: Common admission and follow-up bottlenecks || H3: Impact of fragmented tools on conversions || H2: How OnCampus helps manage leads, students, and fees || H3: Enquiry capture and pipeline automation || H3: Student records, batches, and installment tracking || H2: FAQs for coaching institutes || H2: Book a demo"
93,Location,District HQ / Major Town,/coaching-institute-crm-manali,coaching institute crm in manali,Coaching Institute Crm In Manali | OnCampus,"OnCampus helps coaching institutes in Manali with coaching institute crm in Manali. Manage enquiries, admissions, students and fees. Book a demo today.",Commercial - Coaching institutes in Manali evaluating local software solutions.,"H1: Coaching Institute Crm In Manali || H2: Why coaching institutes in Manali need a dedicated CRM || H3: Common admission and follow-up bottlenecks || H3: Impact of fragmented tools on conversions || H2: How OnCampus helps manage leads, students, and fees || H3: Enquiry capture and pipeline automation || H3: Student records, batches, and installment tracking || H2: FAQs for coaching institutes || H2: Book a demo"
94,Location,District HQ / Major Town,/student-management-software-kankuria,student management software in kankuria,Student Management Software In Kankuria | OnCampus,"OnCampus helps coaching institutes in Kankuria with student management software in Kankuria. Manage enquiries, admissions, students and fees. Book a demo today.",Commercial - Coaching institutes in Kankuria evaluating local software solutions.,"H1: Student Management Software In Kankuria || H2: Why coaching institutes in Kankuria need a dedicated CRM || H3: Common admission and follow-up bottlenecks || H3: Impact of fragmented tools on conversions || H2: How OnCampus helps manage leads, students, and fees || H3: Enquiry capture and pipeline automation || H3: Student records, batches, and installment tracking || H2: FAQs for coaching institutes || H2: Book a demo"
95,Location,District HQ / Major Town,/student-admission-software-chakapara,student admission software in chakapara,Student Admission Software In Chakapara | OnCampus,"OnCampus helps coaching institutes in Chakapara with student admission software in Chakapara. Manage enquiries, admissions, students and fees. Book a demo to...",Commercial - Coaching institutes in Chakapara evaluating local software solutions.,"H1: Student Admission Software In Chakapara || H2: Why coaching institutes in Chakapara need a dedicated CRM || H3: Common admission and follow-up bottlenecks || H3: Impact of fragmented tools on conversions || H2: How OnCampus helps manage leads, students, and fees || H3: Enquiry capture and pipeline automation || H3: Student records, batches, and installment tracking || H2: FAQs for coaching institutes || H2: Book a demo"
96,Location,District HQ / Major Town,/admission-management-software-pappakurichchi,admission management software in pappakurichchi,Admission Management Software In Pappakurichchi | OnCampus,"OnCampus helps coaching institutes in Pappakurichchi with admission management software in Pappakurichchi. Manage enquiries, admissions, students and fees. B...",Commercial - Coaching institutes in Pappakurichchi evaluating local software solutions.,"H1: Admission Management Software In Pappakurichchi || H2: Why coaching institutes in Pappakurichchi need a dedicated CRM || H3: Common admission and follow-up bottlenecks || H3: Impact of fragmented tools on conversions || H2: How OnCampus helps manage leads, students, and fees || H3: Enquiry capture and pipeline automation || H3: Student records, batches, and installment tracking || H2: FAQs for coaching institutes || H2: Book a demo"
97,Location,District HQ / Major Town,/student-enquiry-management-herohalli,student enquiry management in herohalli,Student Enquiry Management In Herohalli | OnCampus,"OnCampus helps coaching institutes in Herohalli with student enquiry management in Herohalli. Manage enquiries, admissions, students and fees. Book a demo to...",Commercial - Coaching institutes in Herohalli evaluating local software solutions.,"H1: Student Enquiry Management In Herohalli || H2: Why coaching institutes in Herohalli need a dedicated CRM || H3: Common admission and follow-up bottlenecks || H3: Impact of fragmented tools on conversions || H2: How OnCampus helps manage leads, students, and fees || H3: Enquiry capture and pipeline automation || H3: Student records, batches, and installment tracking || H2: FAQs for coaching institutes || H2: Book a demo"
98,Location,District HQ / Major Town,/lead-management-for-coaching-institutes-madipakkam,lead management for coaching institutes in madipakkam,Lead Management For Coaching Institutes In Madipakkam | O...,"OnCampus helps coaching institutes in Madipakkam with lead management for coaching institutes in Madipakkam. Manage enquiries, admissions, students and fees....",Commercial - Coaching institutes in Madipakkam evaluating local software solutions.,"H1: Lead Management For Coaching Institutes In Madipakkam || H2: Why coaching institutes in Madipakkam need a dedicated CRM || H3: Common admission and follow-up bottlenecks || H3: Impact of fragmented tools on conversions || H2: How OnCampus helps manage leads, students, and fees || H3: Enquiry capture and pipeline automation || H3: Student records, batches, and installment tracking || H2: FAQs for coaching institutes || H2: Book a demo"
99,Location,District HQ / Major Town,/fee-management-software-sabalpur,fee management software in sabalpur,Fee Management Software In Sabalpur | OnCampus,"OnCampus helps coaching institutes in Sabalpur with fee management software in Sabalpur. Manage enquiries, admissions, students and fees. Book a demo today.",Commercial - Coaching institutes in Sabalpur evaluating local software solutions.,"H1: Fee Management Software In Sabalpur || H2: Why coaching institutes in Sabalpur need a dedicated CRM || H3: Common admission and follow-up bottlenecks || H3: Impact of fragmented tools on conversions || H2: How OnCampus helps manage leads, students, and fees || H3: Enquiry capture and pipeline automation || H3: Student records, batches, and installment tracking || H2: FAQs for coaching institutes || H2: Book a demo"
100,Location,District HQ / Major Town,/coaching-institute-management-system-bauria,coaching institute management system in bauria,Coaching Institute Management System In Bauria | OnCampus,"OnCampus helps coaching institutes in Bauria with coaching institute management system in Bauria. Manage enquiries, admissions, students and fees. Book a dem...",Commercial - Coaching institutes in Bauria evaluating local software solutions.,"H1: Coaching Institute Management System In Bauria || H2: Why coaching institutes in Bauria need a dedicated CRM || H3: Common admission and follow-up bottlenecks || H3: Impact of fragmented tools on conversions || H2: How OnCampus helps manage leads, students, and fees || H3: Enquiry capture and pipeline automation || H3: Student records, batches, and installment tracking || H2: FAQs for coaching institutes || H2: Book a demo"
101,Feature,Feature Deep Dive,/features/lead-management,lead management software for coaching institutes,Lead Management Software For Coaching Institutes | OnCampus,"OnCampus helps coaching institutes across India with lead management software for coaching institutes. Manage enquiries, admissions, students and fees. Book...",Commercial/Informational - Buyers evaluating feature capabilities and fit.,H1: Lead Management Software For Coaching Institutes || H2: Problems this feature solves for coaching institutes || H2: How the workflow works in OnCampus || H3: Setup and configuration || H3: Day-to-day team usage || H2: Reporting and outcomes || H2: FAQs and next steps
102,Feature,Feature Deep Dive,/features/student-records,student records management software,Student Records Management Software | OnCampus,"OnCampus helps coaching institutes across India with student records management software. Manage enquiries, admissions, students and fees. Book a demo today.",Commercial/Informational - Buyers evaluating feature capabilities and fit.,H1: Student Records Management Software || H2: Problems this feature solves for coaching institutes || H2: How the workflow works in OnCampus || H3: Setup and configuration || H3: Day-to-day team usage || H2: Reporting and outcomes || H2: FAQs and next steps
103,Feature,Feature Deep Dive,/features/fee-management,fee management software for coaching institutes,Fee Management Software For Coaching Institutes | OnCampus,"OnCampus helps coaching institutes across India with fee management software for coaching institutes. Manage enquiries, admissions, students and fees. Book a...",Commercial/Informational - Buyers evaluating feature capabilities and fit.,H1: Fee Management Software For Coaching Institutes || H2: Problems this feature solves for coaching institutes || H2: How the workflow works in OnCampus || H3: Setup and configuration || H3: Day-to-day team usage || H2: Reporting and outcomes || H2: FAQs and next steps
104,Feature,Feature Deep Dive,/features/installment-tracking,installment tracking software for coaching,Installment Tracking Software For Coaching | OnCampus,"OnCampus helps coaching institutes across India with installment tracking software for coaching. Manage enquiries, admissions, students and fees. Book a demo...",Commercial/Informational - Buyers evaluating feature capabilities and fit.,H1: Installment Tracking Software For Coaching || H2: Problems this feature solves for coaching institutes || H2: How the workflow works in OnCampus || H3: Setup and configuration || H3: Day-to-day team usage || H2: Reporting and outcomes || H2: FAQs and next steps
105,Feature,Feature Deep Dive,/features/student-portal,student portal software for coaching institutes,Student Portal Software For Coaching Institutes | OnCampus,"OnCampus helps coaching institutes across India with student portal software for coaching institutes. Manage enquiries, admissions, students and fees. Book a...",Commercial/Informational - Buyers evaluating feature capabilities and fit.,H1: Student Portal Software For Coaching Institutes || H2: Problems this feature solves for coaching institutes || H2: How the workflow works in OnCampus || H3: Setup and configuration || H3: Day-to-day team usage || H2: Reporting and outcomes || H2: FAQs and next steps
106,Feature,Feature Deep Dive,/features/course-batch-management,course and batch management software,Course And Batch Management Software | OnCampus,"OnCampus helps coaching institutes across India with course and batch management software. Manage enquiries, admissions, students and fees. Book a demo today.",Commercial/Informational - Buyers evaluating feature capabilities and fit.,H1: Course And Batch Management Software || H2: Problems this feature solves for coaching institutes || H2: How the workflow works in OnCampus || H3: Setup and configuration || H3: Day-to-day team usage || H2: Reporting and outcomes || H2: FAQs and next steps
107,Feature,Feature Deep Dive,/features/admission-pipeline,admission pipeline management software,Admission Pipeline Management Software | OnCampus,"OnCampus helps coaching institutes across India with admission pipeline management software. Manage enquiries, admissions, students and fees. Book a demo today.",Commercial/Informational - Buyers evaluating feature capabilities and fit.,H1: Admission Pipeline Management Software || H2: Problems this feature solves for coaching institutes || H2: How the workflow works in OnCampus || H3: Setup and configuration || H3: Day-to-day team usage || H2: Reporting and outcomes || H2: FAQs and next steps
108,Feature,Feature Deep Dive,/features/enquiry-capture,student enquiry capture software,Student Enquiry Capture Software | OnCampus,"OnCampus helps coaching institutes across India with student enquiry capture software. Manage enquiries, admissions, students and fees. Book a demo today.",Commercial/Informational - Buyers evaluating feature capabilities and fit.,H1: Student Enquiry Capture Software || H2: Problems this feature solves for coaching institutes || H2: How the workflow works in OnCampus || H3: Setup and configuration || H3: Day-to-day team usage || H2: Reporting and outcomes || H2: FAQs and next steps
109,Feature,Feature Deep Dive,/features/communication-tools,communication tools for coaching institutes,Communication Tools For Coaching Institutes | OnCampus,"OnCampus helps coaching institutes across India with communication tools for coaching institutes. Manage enquiries, admissions, students and fees. Book a dem...",Commercial/Informational - Buyers evaluating feature capabilities and fit.,H1: Communication Tools For Coaching Institutes || H2: Problems this feature solves for coaching institutes || H2: How the workflow works in OnCampus || H3: Setup and configuration || H3: Day-to-day team usage || H2: Reporting and outcomes || H2: FAQs and next steps
110,Feature,Feature Deep Dive,/features/analytics-and-reports,coaching institute analytics and reports,Coaching Institute Analytics And Reports | OnCampus,"OnCampus helps coaching institutes across India with coaching institute analytics and reports. Manage enquiries, admissions, students and fees. Book a demo t...",Commercial/Informational - Buyers evaluating feature capabilities and fit.,H1: Coaching Institute Analytics And Reports || H2: Problems this feature solves for coaching institutes || H2: How the workflow works in OnCampus || H3: Setup and configuration || H3: Day-to-day team usage || H2: Reporting and outcomes || H2: FAQs and next steps
111,Feature,Feature Deep Dive,/features/attendance-tracking,attendance tracking software for coaching,Attendance Tracking Software For Coaching | OnCampus,"OnCampus helps coaching institutes across India with attendance tracking software for coaching. Manage enquiries, admissions, students and fees. Book a demo...",Commercial/Informational - Buyers evaluating feature capabilities and fit.,H1: Attendance Tracking Software For Coaching || H2: Problems this feature solves for coaching institutes || H2: How the workflow works in OnCampus || H3: Setup and configuration || H3: Day-to-day team usage || H2: Reporting and outcomes || H2: FAQs and next steps
112,Feature,Feature Deep Dive,/features/exam-management,exam management software for coaching,Exam Management Software For Coaching | OnCampus,"OnCampus helps coaching institutes across India with exam management software for coaching. Manage enquiries, admissions, students and fees. Book a demo today.",Commercial/Informational - Buyers evaluating feature capabilities and fit.,H1: Exam Management Software For Coaching || H2: Problems this feature solves for coaching institutes || H2: How the workflow works in OnCampus || H3: Setup and configuration || H3: Day-to-day team usage || H2: Reporting and outcomes || H2: FAQs and next steps
113,Feature,Feature Deep Dive,/features/progress-reports,student progress report software,Student Progress Report Software | OnCampus,"OnCampus helps coaching institutes across India with student progress report software. Manage enquiries, admissions, students and fees. Book a demo today.",Commercial/Informational - Buyers evaluating feature capabilities and fit.,H1: Student Progress Report Software || H2: Problems this feature solves for coaching institutes || H2: How the workflow works in OnCampus || H3: Setup and configuration || H3: Day-to-day team usage || H2: Reporting and outcomes || H2: FAQs and next steps
114,Feature,Feature Deep Dive,/features/teacher-management,teacher management software for coaching,Teacher Management Software For Coaching | OnCampus,"OnCampus helps coaching institutes across India with teacher management software for coaching. Manage enquiries, admissions, students and fees. Book a demo t...",Commercial/Informational - Buyers evaluating feature capabilities and fit.,H1: Teacher Management Software For Coaching || H2: Problems this feature solves for coaching institutes || H2: How the workflow works in OnCampus || H3: Setup and configuration || H3: Day-to-day team usage || H2: Reporting and outcomes || H2: FAQs and next steps
115,Feature,Feature Deep Dive,/features/sms-notifications,sms notifications software for coaching,Sms Notifications Software For Coaching | OnCampus,"OnCampus helps coaching institutes across India with sms notifications software for coaching. Manage enquiries, admissions, students and fees. Book a demo to...",Commercial/Informational - Buyers evaluating feature capabilities and fit.,H1: Sms Notifications Software For Coaching || H2: Problems this feature solves for coaching institutes || H2: How the workflow works in OnCampus || H3: Setup and configuration || H3: Day-to-day team usage || H2: Reporting and outcomes || H2: FAQs and next steps
116,Feature,Feature Deep Dive,/features/mobile-app,coaching mobile app for students,Coaching Mobile App For Students | OnCampus,"OnCampus helps coaching institutes across India with coaching mobile app for students. Manage enquiries, admissions, students and fees. Book a demo today.",Commercial/Informational - Buyers evaluating feature capabilities and fit.,H1: Coaching Mobile App For Students || H2: Problems this feature solves for coaching institutes || H2: How the workflow works in OnCampus || H3: Setup and configuration || H3: Day-to-day team usage || H2: Reporting and outcomes || H2: FAQs and next steps
117,Feature,Feature Deep Dive,/features/online-admissions,online admission software for coaching,Online Admission Software For Coaching | OnCampus,"OnCampus helps coaching institutes across India with online admission software for coaching. Manage enquiries, admissions, students and fees. Book a demo today.",Commercial/Informational - Buyers evaluating feature capabilities and fit.,H1: Online Admission Software For Coaching || H2: Problems this feature solves for coaching institutes || H2: How the workflow works in OnCampus || H3: Setup and configuration || H3: Day-to-day team usage || H2: Reporting and outcomes || H2: FAQs and next steps
118,Feature,Feature Deep Dive,/features/fee-reminders,automated fee reminder software,Automated Fee Reminder Software | OnCampus,"OnCampus helps coaching institutes across India with automated fee reminder software. Manage enquiries, admissions, students and fees. Book a demo today.",Commercial/Informational - Buyers evaluating feature capabilities and fit.,H1: Automated Fee Reminder Software || H2: Problems this feature solves for coaching institutes || H2: How the workflow works in OnCampus || H3: Setup and configuration || H3: Day-to-day team usage || H2: Reporting and outcomes || H2: FAQs and next steps
119,Feature,Feature Deep Dive,/features/expense-tracking,coaching institute expense tracking software,Coaching Institute Expense Tracking Software | OnCampus,"OnCampus helps coaching institutes across India with coaching institute expense tracking software. Manage enquiries, admissions, students and fees. Book a de...",Commercial/Informational - Buyers evaluating feature capabilities and fit.,H1: Coaching Institute Expense Tracking Software || H2: Problems this feature solves for coaching institutes || H2: How the workflow works in OnCampus || H3: Setup and configuration || H3: Day-to-day team usage || H2: Reporting and outcomes || H2: FAQs and next steps
120,Feature,Feature Deep Dive,/features/time-table,coaching timetable generator software,Coaching Timetable Generator Software | OnCampus,"OnCampus helps coaching institutes across India with coaching timetable generator software. Manage enquiries, admissions, students and fees. Book a demo today.",Commercial/Informational - Buyers evaluating feature capabilities and fit.,H1: Coaching Timetable Generator Software || H2: Problems this feature solves for coaching institutes || H2: How the workflow works in OnCampus || H3: Setup and configuration || H3: Day-to-day team usage || H2: Reporting and outcomes || H2: FAQs and next steps
121,Feature,Feature Deep Dive,/features/library-management,library management software for coaching,Library Management Software For Coaching | OnCampus,"OnCampus helps coaching institutes across India with library management software for coaching. Manage enquiries, admissions, students and fees. Book a demo t...",Commercial/Informational - Buyers evaluating feature capabilities and fit.,H1: Library Management Software For Coaching || H2: Problems this feature solves for coaching institutes || H2: How the workflow works in OnCampus || H3: Setup and configuration || H3: Day-to-day team usage || H2: Reporting and outcomes || H2: FAQs and next steps
122,Feature,Feature Deep Dive,/features/mock-test,mock test software for coaching institutes,Mock Test Software For Coaching Institutes | OnCampus,"OnCampus helps coaching institutes across India with mock test software for coaching institutes. Manage enquiries, admissions, students and fees. Book a demo...",Commercial/Informational - Buyers evaluating feature capabilities and fit.,H1: Mock Test Software For Coaching Institutes || H2: Problems this feature solves for coaching institutes || H2: How the workflow works in OnCampus || H3: Setup and configuration || H3: Day-to-day team usage || H2: Reporting and outcomes || H2: FAQs and next steps
123,Feature,Feature Deep Dive,/features/parent-app,parent app software for coaching institutes,Parent App Software For Coaching Institutes | OnCampus,"OnCampus helps coaching institutes across India with parent app software for coaching institutes. Manage enquiries, admissions, students and fees. Book a dem...",Commercial/Informational - Buyers evaluating feature capabilities and fit.,H1: Parent App Software For Coaching Institutes || H2: Problems this feature solves for coaching institutes || H2: How the workflow works in OnCampus || H3: Setup and configuration || H3: Day-to-day team usage || H2: Reporting and outcomes || H2: FAQs and next steps
124,Feature,Feature Deep Dive,/features/multi-branch,multi branch management software for coaching,Multi Branch Management Software For Coaching | OnCampus,"OnCampus helps coaching institutes across India with multi branch management software for coaching. Manage enquiries, admissions, students and fees. Book a d...",Commercial/Informational - Buyers evaluating feature capabilities and fit.,H1: Multi Branch Management Software For Coaching || H2: Problems this feature solves for coaching institutes || H2: How the workflow works in OnCampus || H3: Setup and configuration || H3: Day-to-day team usage || H2: Reporting and outcomes || H2: FAQs and next steps
125,Feature,Feature Deep Dive,/features/inventory,inventory management software for coaching,Inventory Management Software For Coaching | OnCampus,"OnCampus helps coaching institutes across India with inventory management software for coaching. Manage enquiries, admissions, students and fees. Book a demo...",Commercial/Informational - Buyers evaluating feature capabilities and fit.,H1: Inventory Management Software For Coaching || H2: Problems this feature solves for coaching institutes || H2: How the workflow works in OnCampus || H3: Setup and configuration || H3: Day-to-day team usage || H2: Reporting and outcomes || H2: FAQs and next steps
126,Feature,Feature Deep Dive,/features/payroll,payroll software for coaching institutes,Payroll Software For Coaching Institutes | OnCampus,"OnCampus helps coaching institutes across India with payroll software for coaching institutes. Manage enquiries, admissions, students and fees. Book a demo t...",Commercial/Informational - Buyers evaluating feature capabilities and fit.,H1: Payroll Software For Coaching Institutes || H2: Problems this feature solves for coaching institutes || H2: How the workflow works in OnCampus || H3: Setup and configuration || H3: Day-to-day team usage || H2: Reporting and outcomes || H2: FAQs and next steps
127,Feature,Feature Deep Dive,/features/data-security,student data security software for coaching,Student Data Security Software For Coaching | OnCampus,"OnCampus helps coaching institutes across India with student data security software for coaching. Manage enquiries, admissions, students and fees. Book a dem...",Commercial/Informational - Buyers evaluating feature capabilities and fit.,H1: Student Data Security Software For Coaching || H2: Problems this feature solves for coaching institutes || H2: How the workflow works in OnCampus || H3: Setup and configuration || H3: Day-to-day team usage || H2: Reporting and outcomes || H2: FAQs and next steps
128,Feature,Feature Deep Dive,/features/custom-reports,custom reports software for coaching,Custom Reports Software For Coaching | OnCampus,"OnCampus helps coaching institutes across India with custom reports software for coaching. Manage enquiries, admissions, students and fees. Book a demo today.",Commercial/Informational - Buyers evaluating feature capabilities and fit.,H1: Custom Reports Software For Coaching || H2: Problems this feature solves for coaching institutes || H2: How the workflow works in OnCampus || H3: Setup and configuration || H3: Day-to-day team usage || H2: Reporting and outcomes || H2: FAQs and next steps
129,Feature,Feature Deep Dive,/features/website-integration,website integration software for coaching,Website Integration Software For Coaching | OnCampus,"OnCampus helps coaching institutes across India with website integration software for coaching. Manage enquiries, admissions, students and fees. Book a demo...",Commercial/Informational - Buyers evaluating feature capabilities and fit.,H1: Website Integration Software For Coaching || H2: Problems this feature solves for coaching institutes || H2: How the workflow works in OnCampus || H3: Setup and configuration || H3: Day-to-day team usage || H2: Reporting and outcomes || H2: FAQs and next steps
130,Feature,Feature Deep Dive,/features/whatsapp-integration,whatsapp integration for coaching institutes,Whatsapp Integration For Coaching Institutes | OnCampus,"OnCampus helps coaching institutes across India with whatsapp integration for coaching institutes. Manage enquiries, admissions, students and fees. Book a de...",Commercial/Informational - Buyers evaluating feature capabilities and fit.,H1: Whatsapp Integration For Coaching Institutes || H2: Problems this feature solves for coaching institutes || H2: How the workflow works in OnCampus || H3: Setup and configuration || H3: Day-to-day team usage || H2: Reporting and outcomes || H2: FAQs and next steps
131,Industry,Vertical CRM,/crm-for-jeeneet-coaching,crm for jee neet coaching,Crm For Jee Neet Coaching | OnCampus,"OnCampus helps coaching institutes across coaching segments with crm for jee neet coaching. Manage enquiries, admissions, students and fees. Book a demo today.",Commercial - Segment-specific institutes comparing purpose-built CRM options.,H1: Crm For Jee Neet Coaching || H2: Operational challenges in this coaching segment || H2: Workflow playbook for enquiries to admissions || H3: Segment-specific pipeline stages || H3: Batch and fee models || H2: KPI dashboard for owners || H2: FAQs and demo CTA
132,Industry,Vertical CRM,/crm-for-neet-coaching,crm for neet coaching,Crm For Neet Coaching | OnCampus,"OnCampus helps coaching institutes across coaching segments with crm for neet coaching. Manage enquiries, admissions, students and fees. Book a demo today.",Commercial - Segment-specific institutes comparing purpose-built CRM options.,H1: Crm For Neet Coaching || H2: Operational challenges in this coaching segment || H2: Workflow playbook for enquiries to admissions || H3: Segment-specific pipeline stages || H3: Batch and fee models || H2: KPI dashboard for owners || H2: FAQs and demo CTA
133,Industry,Vertical CRM,/crm-for-upsc-coaching,crm for upsc coaching,Crm For Upsc Coaching | OnCampus,"OnCampus helps coaching institutes across coaching segments with crm for upsc coaching. Manage enquiries, admissions, students and fees. Book a demo today.",Commercial - Segment-specific institutes comparing purpose-built CRM options.,H1: Crm For Upsc Coaching || H2: Operational challenges in this coaching segment || H2: Workflow playbook for enquiries to admissions || H3: Segment-specific pipeline stages || H3: Batch and fee models || H2: KPI dashboard for owners || H2: FAQs and demo CTA
134,Industry,Vertical CRM,/crm-for-mpsc-coaching,crm for mpsc coaching,Crm For Mpsc Coaching | OnCampus,"OnCampus helps coaching institutes across coaching segments with crm for mpsc coaching. Manage enquiries, admissions, students and fees. Book a demo today.",Commercial - Segment-specific institutes comparing purpose-built CRM options.,H1: Crm For Mpsc Coaching || H2: Operational challenges in this coaching segment || H2: Workflow playbook for enquiries to admissions || H3: Segment-specific pipeline stages || H3: Batch and fee models || H2: KPI dashboard for owners || H2: FAQs and demo CTA
135,Industry,Vertical CRM,/crm-for-gate-coaching,crm for gate coaching,Crm For Gate Coaching | OnCampus,"OnCampus helps coaching institutes across coaching segments with crm for gate coaching. Manage enquiries, admissions, students and fees. Book a demo today.",Commercial - Segment-specific institutes comparing purpose-built CRM options.,H1: Crm For Gate Coaching || H2: Operational challenges in this coaching segment || H2: Workflow playbook for enquiries to admissions || H3: Segment-specific pipeline stages || H3: Batch and fee models || H2: KPI dashboard for owners || H2: FAQs and demo CTA
136,Industry,Vertical CRM,/crm-for-ssc-coaching,crm for ssc coaching,Crm For Ssc Coaching | OnCampus,"OnCampus helps coaching institutes across coaching segments with crm for ssc coaching. Manage enquiries, admissions, students and fees. Book a demo today.",Commercial - Segment-specific institutes comparing purpose-built CRM options.,H1: Crm For Ssc Coaching || H2: Operational challenges in this coaching segment || H2: Workflow playbook for enquiries to admissions || H3: Segment-specific pipeline stages || H3: Batch and fee models || H2: KPI dashboard for owners || H2: FAQs and demo CTA
137,Industry,Vertical CRM,/crm-for-banking-exam-coaching,crm for banking exam coaching,Crm For Banking Exam Coaching | OnCampus,"OnCampus helps coaching institutes across coaching segments with crm for banking exam coaching. Manage enquiries, admissions, students and fees. Book a demo...",Commercial - Segment-specific institutes comparing purpose-built CRM options.,H1: Crm For Banking Exam Coaching || H2: Operational challenges in this coaching segment || H2: Workflow playbook for enquiries to admissions || H3: Segment-specific pipeline stages || H3: Batch and fee models || H2: KPI dashboard for owners || H2: FAQs and demo CTA
138,Industry,Vertical CRM,/crm-for-foundation-course,crm for foundation course coaching,Crm For Foundation Course Coaching | OnCampus,"OnCampus helps coaching institutes across coaching segments with crm for foundation course coaching. Manage enquiries, admissions, students and fees. Book a...",Commercial - Segment-specific institutes comparing purpose-built CRM options.,H1: Crm For Foundation Course Coaching || H2: Operational challenges in this coaching segment || H2: Workflow playbook for enquiries to admissions || H3: Segment-specific pipeline stages || H3: Batch and fee models || H2: KPI dashboard for owners || H2: FAQs and demo CTA
139,Industry,Vertical CRM,/crm-for-engineering-coaching,crm for engineering coaching,Crm For Engineering Coaching | OnCampus,"OnCampus helps coaching institutes across coaching segments with crm for engineering coaching. Manage enquiries, admissions, students and fees. Book a demo t...",Commercial - Segment-specific institutes comparing purpose-built CRM options.,H1: Crm For Engineering Coaching || H2: Operational challenges in this coaching segment || H2: Workflow playbook for enquiries to admissions || H3: Segment-specific pipeline stages || H3: Batch and fee models || H2: KPI dashboard for owners || H2: FAQs and demo CTA
140,Industry,Vertical CRM,/crm-for-medical-coaching,crm for medical coaching,Crm For Medical Coaching | OnCampus,"OnCampus helps coaching institutes across coaching segments with crm for medical coaching. Manage enquiries, admissions, students and fees. Book a demo today.",Commercial - Segment-specific institutes comparing purpose-built CRM options.,H1: Crm For Medical Coaching || H2: Operational challenges in this coaching segment || H2: Workflow playbook for enquiries to admissions || H3: Segment-specific pipeline stages || H3: Batch and fee models || H2: KPI dashboard for owners || H2: FAQs and demo CTA
141,Industry,Vertical CRM,/crm-for-commerce-coaching,crm for commerce coaching,Crm For Commerce Coaching | OnCampus,"OnCampus helps coaching institutes across coaching segments with crm for commerce coaching. Manage enquiries, admissions, students and fees. Book a demo today.",Commercial - Segment-specific institutes comparing purpose-built CRM options.,H1: Crm For Commerce Coaching || H2: Operational challenges in this coaching segment || H2: Workflow playbook for enquiries to admissions || H3: Segment-specific pipeline stages || H3: Batch and fee models || H2: KPI dashboard for owners || H2: FAQs and demo CTA
142,Industry,Vertical CRM,/crm-for-language-classes,crm for language classes,Crm For Language Classes | OnCampus,"OnCampus helps coaching institutes across coaching segments with crm for language classes. Manage enquiries, admissions, students and fees. Book a demo today.",Commercial - Segment-specific institutes comparing purpose-built CRM options.,H1: Crm For Language Classes || H2: Operational challenges in this coaching segment || H2: Workflow playbook for enquiries to admissions || H3: Segment-specific pipeline stages || H3: Batch and fee models || H2: KPI dashboard for owners || H2: FAQs and demo CTA
143,Industry,Vertical CRM,/crm-for-competitive-exams,crm for competitive exams,Crm For Competitive Exams | OnCampus,"OnCampus helps coaching institutes across coaching segments with crm for competitive exams. Manage enquiries, admissions, students and fees. Book a demo today.",Commercial - Segment-specific institutes comparing purpose-built CRM options.,H1: Crm For Competitive Exams || H2: Operational challenges in this coaching segment || H2: Workflow playbook for enquiries to admissions || H3: Segment-specific pipeline stages || H3: Batch and fee models || H2: KPI dashboard for owners || H2: FAQs and demo CTA
144,Industry,Vertical CRM,/crm-for-cat-coaching,crm for cat coaching,Crm For Cat Coaching | OnCampus,"OnCampus helps coaching institutes across coaching segments with crm for cat coaching. Manage enquiries, admissions, students and fees. Book a demo today.",Commercial - Segment-specific institutes comparing purpose-built CRM options.,H1: Crm For Cat Coaching || H2: Operational challenges in this coaching segment || H2: Workflow playbook for enquiries to admissions || H3: Segment-specific pipeline stages || H3: Batch and fee models || H2: KPI dashboard for owners || H2: FAQs and demo CTA
145,Industry,Vertical CRM,/crm-for-clat-coaching,crm for clat coaching,Crm For Clat Coaching | OnCampus,"OnCampus helps coaching institutes across coaching segments with crm for clat coaching. Manage enquiries, admissions, students and fees. Book a demo today.",Commercial - Segment-specific institutes comparing purpose-built CRM options.,H1: Crm For Clat Coaching || H2: Operational challenges in this coaching segment || H2: Workflow playbook for enquiries to admissions || H3: Segment-specific pipeline stages || H3: Batch and fee models || H2: KPI dashboard for owners || H2: FAQs and demo CTA
146,Industry,Vertical CRM,/crm-for-ca-cs-coaching,crm for ca cs coaching,Crm For Ca Cs Coaching | OnCampus,"OnCampus helps coaching institutes across coaching segments with crm for ca cs coaching. Manage enquiries, admissions, students and fees. Book a demo today.",Commercial - Segment-specific institutes comparing purpose-built CRM options.,H1: Crm For Ca Cs Coaching || H2: Operational challenges in this coaching segment || H2: Workflow playbook for enquiries to admissions || H3: Segment-specific pipeline stages || H3: Batch and fee models || H2: KPI dashboard for owners || H2: FAQs and demo CTA
147,Industry,Vertical CRM,/crm-for-ielts-coaching,crm for ielts coaching,Crm For Ielts Coaching | OnCampus,"OnCampus helps coaching institutes across coaching segments with crm for ielts coaching. Manage enquiries, admissions, students and fees. Book a demo today.",Commercial - Segment-specific institutes comparing purpose-built CRM options.,H1: Crm For Ielts Coaching || H2: Operational challenges in this coaching segment || H2: Workflow playbook for enquiries to admissions || H3: Segment-specific pipeline stages || H3: Batch and fee models || H2: KPI dashboard for owners || H2: FAQs and demo CTA
148,Industry,Vertical CRM,/crm-for-pte-coaching,crm for pte coaching,Crm For Pte Coaching | OnCampus,"OnCampus helps coaching institutes across coaching segments with crm for pte coaching. Manage enquiries, admissions, students and fees. Book a demo today.",Commercial - Segment-specific institutes comparing purpose-built CRM options.,H1: Crm For Pte Coaching || H2: Operational challenges in this coaching segment || H2: Workflow playbook for enquiries to admissions || H3: Segment-specific pipeline stages || H3: Batch and fee models || H2: KPI dashboard for owners || H2: FAQs and demo CTA
149,Industry,Vertical CRM,/crm-for-spoken-english,crm for spoken english coaching,Crm For Spoken English Coaching | OnCampus,"OnCampus helps coaching institutes across coaching segments with crm for spoken english coaching. Manage enquiries, admissions, students and fees. Book a dem...",Commercial - Segment-specific institutes comparing purpose-built CRM options.,H1: Crm For Spoken English Coaching || H2: Operational challenges in this coaching segment || H2: Workflow playbook for enquiries to admissions || H3: Segment-specific pipeline stages || H3: Batch and fee models || H2: KPI dashboard for owners || H2: FAQs and demo CTA
150,Industry,Vertical CRM,/crm-for-kids-coaching,crm for kids coaching,Crm For Kids Coaching | OnCampus,"OnCampus helps coaching institutes across coaching segments with crm for kids coaching. Manage enquiries, admissions, students and fees. Book a demo today.",Commercial - Segment-specific institutes comparing purpose-built CRM options.,H1: Crm For Kids Coaching || H2: Operational challenges in this coaching segment || H2: Workflow playbook for enquiries to admissions || H3: Segment-specific pipeline stages || H3: Batch and fee models || H2: KPI dashboard for owners || H2: FAQs and demo CTA
151,Problem,Problem/Solution,/track-coaching-enquiries,track coaching enquiries,Track Coaching Enquiries | OnCampus,"OnCampus helps coaching institutes for coaching teams with track coaching enquiries. Manage enquiries, admissions, students and fees. Book a demo today.",Commercial/Informational - Operators seeking practical fixes for growth blockers.,H1: Track Coaching Enquiries || H2: Root cause analysis || H2: Step-by-step solution using OnCampus || H3: Quick wins in first 7 days || H3: Automation setup checklist || H2: Metrics to track improvement || H2: FAQs and implementation CTA
152,Problem,Problem/Solution,/manage-student-admissions,manage student admissions for coaching,Manage Student Admissions For Coaching | OnCampus,"OnCampus helps coaching institutes for coaching teams with manage student admissions for coaching. Manage enquiries, admissions, students and fees. Book a de...",Commercial/Informational - Operators seeking practical fixes for growth blockers.,H1: Manage Student Admissions For Coaching || H2: Root cause analysis || H2: Step-by-step solution using OnCampus || H3: Quick wins in first 7 days || H3: Automation setup checklist || H2: Metrics to track improvement || H2: FAQs and implementation CTA
153,Problem,Problem/Solution,/automate-fee-collection,automate fee collection for coaching,Automate Fee Collection For Coaching | OnCampus,"OnCampus helps coaching institutes for coaching teams with automate fee collection for coaching. Manage enquiries, admissions, students and fees. Book a demo...",Commercial/Informational - Operators seeking practical fixes for growth blockers.,H1: Automate Fee Collection For Coaching || H2: Root cause analysis || H2: Step-by-step solution using OnCampus || H3: Quick wins in first 7 days || H3: Automation setup checklist || H2: Metrics to track improvement || H2: FAQs and implementation CTA
154,Problem,Problem/Solution,/reduce-student-dropouts,reduce student dropouts in coaching,Reduce Student Dropouts In Coaching | OnCampus,"OnCampus helps coaching institutes for coaching teams with reduce student dropouts in coaching. Manage enquiries, admissions, students and fees. Book a demo...",Commercial/Informational - Operators seeking practical fixes for growth blockers.,H1: Reduce Student Dropouts In Coaching || H2: Root cause analysis || H2: Step-by-step solution using OnCampus || H3: Quick wins in first 7 days || H3: Automation setup checklist || H2: Metrics to track improvement || H2: FAQs and implementation CTA
155,Problem,Problem/Solution,/manage-coaching-operations,manage coaching institute operations,Manage Coaching Institute Operations | OnCampus,"OnCampus helps coaching institutes for coaching teams with manage coaching institute operations. Manage enquiries, admissions, students and fees. Book a demo...",Commercial/Informational - Operators seeking practical fixes for growth blockers.,H1: Manage Coaching Institute Operations || H2: Root cause analysis || H2: Step-by-step solution using OnCampus || H3: Quick wins in first 7 days || H3: Automation setup checklist || H2: Metrics to track improvement || H2: FAQs and implementation CTA
156,Problem,Problem/Solution,/handle-batch-conflicts,handle batch conflicts in coaching,Handle Batch Conflicts In Coaching | OnCampus,"OnCampus helps coaching institutes for coaching teams with handle batch conflicts in coaching. Manage enquiries, admissions, students and fees. Book a demo t...",Commercial/Informational - Operators seeking practical fixes for growth blockers.,H1: Handle Batch Conflicts In Coaching || H2: Root cause analysis || H2: Step-by-step solution using OnCampus || H3: Quick wins in first 7 days || H3: Automation setup checklist || H2: Metrics to track improvement || H2: FAQs and implementation CTA
157,Problem,Problem/Solution,/improve-parent-communication,improve parent communication in coaching,Improve Parent Communication In Coaching | OnCampus,"OnCampus helps coaching institutes for coaching teams with improve parent communication in coaching. Manage enquiries, admissions, students and fees. Book a...",Commercial/Informational - Operators seeking practical fixes for growth blockers.,H1: Improve Parent Communication In Coaching || H2: Root cause analysis || H2: Step-by-step solution using OnCampus || H3: Quick wins in first 7 days || H3: Automation setup checklist || H2: Metrics to track improvement || H2: FAQs and implementation CTA
158,Problem,Problem/Solution,/digitize-student-records,digitize student records for coaching,Digitize Student Records For Coaching | OnCampus,"OnCampus helps coaching institutes for coaching teams with digitize student records for coaching. Manage enquiries, admissions, students and fees. Book a dem...",Commercial/Informational - Operators seeking practical fixes for growth blockers.,H1: Digitize Student Records For Coaching || H2: Root cause analysis || H2: Step-by-step solution using OnCampus || H3: Quick wins in first 7 days || H3: Automation setup checklist || H2: Metrics to track improvement || H2: FAQs and implementation CTA
159,Problem,Problem/Solution,/why-coaching-needs-crm,why coaching institutes need crm,Why Coaching Institutes Need Crm | OnCampus,"OnCampus helps coaching institutes for coaching teams with why coaching institutes need crm. Manage enquiries, admissions, students and fees. Book a demo today.",Commercial/Informational - Operators seeking practical fixes for growth blockers.,H1: Why Coaching Institutes Need Crm || H2: Root cause analysis || H2: Step-by-step solution using OnCampus || H3: Quick wins in first 7 days || H3: Automation setup checklist || H2: Metrics to track improvement || H2: FAQs and implementation CTA
160,Problem,Problem/Solution,/problems-with-manual-admission-process,problems with manual admission process,Problems With Manual Admission Process | OnCampus,"OnCampus helps coaching institutes for coaching teams with problems with manual admission process. Manage enquiries, admissions, students and fees. Book a de...",Commercial/Informational - Operators seeking practical fixes for growth blockers.,H1: Problems With Manual Admission Process || H2: Root cause analysis || H2: Step-by-step solution using OnCampus || H3: Quick wins in first 7 days || H3: Automation setup checklist || H2: Metrics to track improvement || H2: FAQs and implementation CTA
161,Problem,Problem/Solution,/increase-coaching-enrollments,increase coaching enrollments,Increase Coaching Enrollments | OnCampus,"OnCampus helps coaching institutes for coaching teams with increase coaching enrollments. Manage enquiries, admissions, students and fees. Book a demo today.",Commercial/Informational - Operators seeking practical fixes for growth blockers.,H1: Increase Coaching Enrollments || H2: Root cause analysis || H2: Step-by-step solution using OnCampus || H3: Quick wins in first 7 days || H3: Automation setup checklist || H2: Metrics to track improvement || H2: FAQs and implementation CTA
162,Problem,Problem/Solution,/stop-manual-data-entry,stop manual data entry in coaching,Stop Manual Data Entry In Coaching | OnCampus,"OnCampus helps coaching institutes for coaching teams with stop manual data entry in coaching. Manage enquiries, admissions, students and fees. Book a demo t...",Commercial/Informational - Operators seeking practical fixes for growth blockers.,H1: Stop Manual Data Entry In Coaching || H2: Root cause analysis || H2: Step-by-step solution using OnCampus || H3: Quick wins in first 7 days || H3: Automation setup checklist || H2: Metrics to track improvement || H2: FAQs and implementation CTA
163,Problem,Problem/Solution,/track-coaching-finances,track coaching institute finances,Track Coaching Institute Finances | OnCampus,"OnCampus helps coaching institutes for coaching teams with track coaching institute finances. Manage enquiries, admissions, students and fees. Book a demo to...",Commercial/Informational - Operators seeking practical fixes for growth blockers.,H1: Track Coaching Institute Finances || H2: Root cause analysis || H2: Step-by-step solution using OnCampus || H3: Quick wins in first 7 days || H3: Automation setup checklist || H2: Metrics to track improvement || H2: FAQs and implementation CTA
164,Problem,Problem/Solution,/manage-study-material,manage study material for coaching,Manage Study Material For Coaching | OnCampus,"OnCampus helps coaching institutes for coaching teams with manage study material for coaching. Manage enquiries, admissions, students and fees. Book a demo t...",Commercial/Informational - Operators seeking practical fixes for growth blockers.,H1: Manage Study Material For Coaching || H2: Root cause analysis || H2: Step-by-step solution using OnCampus || H3: Quick wins in first 7 days || H3: Automation setup checklist || H2: Metrics to track improvement || H2: FAQs and implementation CTA
165,Problem,Problem/Solution,/conduct-online-tests,conduct online tests for coaching,Conduct Online Tests For Coaching | OnCampus,"OnCampus helps coaching institutes for coaching teams with conduct online tests for coaching. Manage enquiries, admissions, students and fees. Book a demo to...",Commercial/Informational - Operators seeking practical fixes for growth blockers.,H1: Conduct Online Tests For Coaching || H2: Root cause analysis || H2: Step-by-step solution using OnCampus || H3: Quick wins in first 7 days || H3: Automation setup checklist || H2: Metrics to track improvement || H2: FAQs and implementation CTA
166,Problem,Problem/Solution,/improve-student-performance,improve student performance in coaching,Improve Student Performance In Coaching | OnCampus,"OnCampus helps coaching institutes for coaching teams with improve student performance in coaching. Manage enquiries, admissions, students and fees. Book a d...",Commercial/Informational - Operators seeking practical fixes for growth blockers.,H1: Improve Student Performance In Coaching || H2: Root cause analysis || H2: Step-by-step solution using OnCampus || H3: Quick wins in first 7 days || H3: Automation setup checklist || H2: Metrics to track improvement || H2: FAQs and implementation CTA
167,Problem,Problem/Solution,/automate-followups,automate followups for coaching admissions,Automate Followups For Coaching Admissions | OnCampus,"OnCampus helps coaching institutes for coaching teams with automate followups for coaching admissions. Manage enquiries, admissions, students and fees. Book...",Commercial/Informational - Operators seeking practical fixes for growth blockers.,H1: Automate Followups For Coaching Admissions || H2: Root cause analysis || H2: Step-by-step solution using OnCampus || H3: Quick wins in first 7 days || H3: Automation setup checklist || H2: Metrics to track improvement || H2: FAQs and implementation CTA
168,Problem,Problem/Solution,/handle-peak-admissions,handle peak admission season,Handle Peak Admission Season | OnCampus,"OnCampus helps coaching institutes for coaching teams with handle peak admission season. Manage enquiries, admissions, students and fees. Book a demo today.",Commercial/Informational - Operators seeking practical fixes for growth blockers.,H1: Handle Peak Admission Season || H2: Root cause analysis || H2: Step-by-step solution using OnCampus || H3: Quick wins in first 7 days || H3: Automation setup checklist || H2: Metrics to track improvement || H2: FAQs and implementation CTA
169,Problem,Problem/Solution,/manage-multiple-branches,manage multiple coaching branches,Manage Multiple Coaching Branches | OnCampus,"OnCampus helps coaching institutes for coaching teams with manage multiple coaching branches. Manage enquiries, admissions, students and fees. Book a demo to...",Commercial/Informational - Operators seeking practical fixes for growth blockers.,H1: Manage Multiple Coaching Branches || H2: Root cause analysis || H2: Step-by-step solution using OnCampus || H3: Quick wins in first 7 days || H3: Automation setup checklist || H2: Metrics to track improvement || H2: FAQs and implementation CTA
170,Problem,Problem/Solution,/build-coaching-sales-pipeline,build coaching admissions pipeline,Build Coaching Admissions Pipeline | OnCampus,"OnCampus helps coaching institutes for coaching teams with build coaching admissions pipeline. Manage enquiries, admissions, students and fees. Book a demo t...",Commercial/Informational - Operators seeking practical fixes for growth blockers.,H1: Build Coaching Admissions Pipeline || H2: Root cause analysis || H2: Step-by-step solution using OnCampus || H3: Quick wins in first 7 days || H3: Automation setup checklist || H2: Metrics to track improvement || H2: FAQs and implementation CTA
